open_hadith_id,hadith_no
1, 1
2, 2
3, 3
4, 5
5, 6
6, 7
7, 8
8, 9
9, 10
10, 11
11, 12
12, 13
13, 14
14, 15
15, 16
16, 17
17, 18
18, 19
19, 20
20, 21
21, 22
22, 23
23, 24
24, 25
25, 26
26, 27
29, 30
30, 31
31, 32
32, 33
33, 34
35, 36
36, 37
37, 38
38, 39
39, 40
40, 42
41, 43
42, 44
43, 45
44, 46
45, 47
46, 48
47, 49
48, 50
50, 52
51, 53
53, 55
54, 56
55, 57
56, 58
57, 59
58, 60
59, 61
61, 63
62, 64
63, 65
64, 66
65, 67
66, 68
67, 69
68, 70
69, 71
70, 72
71, 73
72, 74
73, 75
74, 76
75, 77
76, 78
77, 79
78, 80
79, 81
80, 82
81, 83
82, 84
83, 85
84, 86
85, 87
86, 88
87, 89
88, 90
89, 91
90, 92
91, 93
92, 94
93, 95
94, 96
95, 97
96, 98
97, 99
98, 100
99, 101
100, 103
101, 104
102, 105
103, 106
104, 107
105, 108
106, 109
107, 110
108, 111
109, 112
110, 113
111, 114
112, 115
113, 116
114, 117
115, 118
116, 119
117, 120
118, 121
119, 122
120, 123
122, 125
123, 126
124, 127
125, 128
126, 129
127, 130
128, 131
129, 132
130, 133
131, 134
132, 135
133, 136
134, 137
135, 138
136, 139
137, 140
138, 141
139, 142
140, 143
141, 144
142, 145
143, 146
144, 148
145, 149
146, 150
148, 152
149, 153
150, 154
151, 155
152, 156
153, 157
154, 158
155, 159
156, 161
157, 162
158, 163
159, 164
160, 165
161, 166
162, 167
163, 168
164, 169
165, 170
166, 171
167, 172
168, 173
169, 175
170, 176
171, 177
172, 178
173, 179
174, 180
175, 181
176, 182
177, 183
178, 184
179, 185
180, 186
181, 187
182, 189
183, 190
184, 191
185, 192
186, 193
187, 194
188, 195
189, 196
190, 197
191, 198
192, 199
193, 200
194, 201
195, 202
196, 203
197, 204
198, 205
199, 206
200, 207
201, 208
202, 209
203, 210
204, 211
205, 212
206, 213
207, 214
208, 215
209, 216
210, 217
211, 218
212, 219
213, 220
214, 221
215, 222
216, 223
217, 224
218, 225
219, 226
220, 227
221, 228
222, 229
223, 230
224, 231
225, 232
226, 233
227, 234
228, 235
229, 236
230, 237
231, 238
232, 239
233, 240
234, 241
235, 242
236, 243
237, 244
238, 245
239, 247
240, 248
241, 249
242, 250
243, 251
244, 252
245, 253
246, 254
247, 255
248, 256
249, 257
250, 258
251, 259
252, 260
253, 261
254, 262
255, 263
256, 264
257, 265
258, 266
259, 267
260, 268
261, 269
262, 270
263, 271
264, 272
265, 274
266, 275
267, 276
268, 277
269, 278
270, 279
271, 280
272, 281
273, 282
274, 283
275, 284
276, 285
277, 286
278, 287
279, 288
280, 289
281, 290
282, 291
283, 292
284, 293
285, 294
286, 295
287, 296
288, 297
289, 298
290, 301
291, 302
292, 303
293, 304
295, 306
296, 307
297, 308
298, 309
301, 312
302, 313
303, 314
304, 315
305, 316
306, 317
307, 318
308, 319
309, 320
311, 322
312, 323
313, 324
314, 325
315, 326
316, 327
317, 328
319, 331
320, 332
321, 333
322, 334
323, 335
324, 336
325, 337
326, 338
327, 339
329, 341
330, 343
331, 344
332, 345
334, 347
335, 348
336, 349
337, 350
338, 351
339, 352
340, 353
341, 354
343, 356
344, 357
345, 358
346, 359
347, 360
348, 361
349, 362
350, 363
351, 364
352, 365
353, 366
354, 367
355, 368
356, 369
357, 370
358, 371
359, 372
360, 373
361, 374
362, 375
363, 376
364, 377
365, 378
366, 379
367, 380
369, 382
370, 383
371, 384
372, 385
373, 386
374, 387
375, 388
378, 391
379, 393
380, 394
381, 395
382, 397
383, 398
384, 399
386, 401
387, 402
388, 403
389, 404
390, 405
391, 406
392, 407
393, 409
397, 414
399, 416
401, 418
402, 419
405, 423
406, 424
407, 425
409, 427
410, 428
411, 429
414, 432
415, 433
416, 434
417, 436
419, 438
420, 439
421, 440
422, 441
423, 442
424, 443
425, 444
426, 445
427, 446
429, 448
430, 449
431, 450
432, 451
433, 452
434, 453
435, 455
436, 456
437, 457
438, 458
439, 459
440, 460
441, 461
442, 462
443, 463
444, 464
446, 466
447, 467
448, 468
449, 469
450, 470
451, 471
452, 472
453, 473
454, 474
455, 475
456, 476
457, 477
458, 480
459, 481
460, 482
463, 493
464, 494
465, 495
466, 496
467, 497
468, 498
469, 499
470, 500
471, 501
472, 502
473, 503
474, 504
475, 505
476, 506
477, 507
478, 508
479, 509
480, 510
481, 511
482, 512
483, 513
484, 514
485, 515
486, 516
487, 517
488, 518
489, 519
490, 520
491, 522
492, 523
493, 524
494, 525
495, 526
496, 527
497, 528
498, 529
499, 530
500, 531
501, 532
502, 534
503, 535
504, 537
505, 538
506, 539
507, 540
508, 541
509, 542
510, 543
511, 544
512, 545
513, 546
514, 547
515, 548
516, 549
517, 550
518, 551
519, 552
520, 553
521, 554
522, 555
524, 557
526, 559
527, 560
528, 561
529, 562
530, 563
531, 564
532, 565
533, 566
534, 567
535, 568
536, 569
537, 571
538, 572
539, 573
540, 574
542, 576
543, 577
544, 578
545, 579
547, 581
548, 583
549, 584
550, 585
551, 586
552, 587
553, 588
554, 589
555, 590
556, 591
557, 592
560, 595
561, 596
562, 597
563, 598
564, 599
565, 600
566, 601
567, 602
568, 603
569, 604
570, 605
571, 606
572, 607
573, 608
574, 609
575, 610
576, 611
577, 612
578, 613
579, 614
580, 615
581, 616
582, 617
583, 618
584, 619
585, 620
586, 621
587, 623
588, 624
589, 625
590, 626
592, 628
593, 629
594, 630
595, 631
596, 632
597, 633
598, 634
599, 635
600, 636
601, 637
602, 638
603, 639
604, 640
605, 641
606, 642
607, 643
608, 644
609, 645
610, 646
611, 647
612, 648
613, 650
614, 651
615, 654
616, 656
617, 657
618, 658
619, 659
620, 660
621, 661
622, 662
623, 663
624, 664
625, 665
628, 668
629, 669
630, 670
631, 671
632, 672
633, 673
635, 676
636, 677
637, 678
638, 679
639, 680
640, 681
641, 682
642, 683
643, 684
644, 685
645, 686
646, 687
647, 688
648, 689
649, 690
650, 691
651, 692
652, 693
653, 694
654, 695
655, 696
657, 698
658, 699
659, 700
660, 701
661, 702
662, 703
664, 705
665, 706
666, 707
667, 708
668, 709
669, 710
670, 711
672, 713
676, 717
677, 718
678, 719
680, 722
681, 723
682, 724
683, 725
685, 727
686, 728
687, 729
688, 730
689, 731
693, 735
694, 736
695, 737
696, 738
697, 739
698, 740
699, 741
700, 742
701, 743
702, 744
703, 745
704, 746
705, 747
706, 748
707, 749
708, 750
709, 751
710, 752
711, 753
712, 754
713, 755
714, 756
715, 757
717, 759
718, 760
719, 761
720, 762
721, 763
722, 764
723, 765
724, 766
725, 767
726, 768
727, 769
729, 771
730, 772
731, 773
732, 774
733, 775
734, 776
736, 778
738, 780
740, 782
741, 783
742, 784
743, 785
744, 786
745, 787
746, 788
747, 789
748, 790
749, 791
750, 792
751, 793
753, 795
754, 796
755, 797
756, 798
757, 799
758, 800
759, 801
760, 802
761, 803
762, 804
763, 805
764, 806
765, 807
767, 809
770, 812
772, 814
775, 817
776, 819
777, 820
778, 821
779, 822
781, 824
782, 825
783, 826
784, 827
785, 828
786, 829
787, 830
788, 831
789, 833
790, 834
791, 835
792, 836
794, 838
795, 840
796, 841
797, 842
798, 843
799, 844
803, 850
804, 851
805, 852
806, 853
807, 854
808, 855
809, 856
818, 865
819, 866
820, 867
821, 868
822, 869
825, 872
827, 876
828, 877
829, 878
830, 879
831, 880
832, 881
833, 882
834, 883
835, 884
838, 887
842, 891
843, 892
844, 893
847, 897
849, 900
850, 901
851, 902
852, 903
853, 904
854, 905
855, 906
856, 907
858, 909
861, 912
863, 914
865, 916
866, 917
867, 918
868, 919
872, 924
874, 926
875, 927
876, 928
878, 930
879, 931
880, 932
882, 934
883, 935
884, 936
886, 938
890, 942
891, 943
892, 944
893, 945
894, 946
895, 947
896, 948
897, 950
900, 953
902, 955
903, 956
909, 962
911, 964
912, 965
913, 966
914, 967
916, 969
917, 970
918, 971
919, 972
921, 974
922, 975
923, 976
924, 977
925, 978
926, 979
927, 980
928, 981
932, 985
933, 986
936, 990
937, 992
940, 995
941, 996
942, 512
944, 999
945, 1000
946, 1001
947, 1002
949, 1004
950, 1005
951, 1006
952, 1007
953, 1009
954, 1010
955, 1011
956, 1012
957, 1013
964, 1020
966, 1022
968, 1024
969, 1025
971, 1027
972, 1028
973, 1031
974, 1032
975, 1033
977, 1035
980, 1038
981, 1039
982, 1040
983, 1041
984, 1042
985, 1043
986, 1044
987, 1045
988, 1046
989, 1047
990, 1048
991, 1050
992, 1051
993, 1052
994, 1053
995, 1054
998, 1058
999, 1059
1003, 1064
1004, 1066
1005, 1067
1007, 1069
1009, 1071
1010, 1072
1013, 1075
1014, 1076
1015, 1077
1016, 1078
1017, 1079
1018, 1080
1019, 1081
1020, 1082
1021, 1083
1022, 1084
1023, 1085
1024, 1086
1025, 1087
1026, 1088
1027, 1089
1028, 1090
1029, 1092
1030, 1093
1031, 1094
1032, 1095
1033, 1096
1035, 1099
1036, 1100
1037, 1101
1038, 1102
1039, 1103
1040, 1105
1042, 1109
1043, 1110
1044, 1111
1046, 1113
1048, 1115
1050, 1117
1052, 1119
1053, 1120
1054, 1121
1055, 1123
1056, 1124
1057, 1125
1058, 1126
1059, 1127
1060, 1128
1061, 1129
1062, 1130
1063, 1131
1064, 1132
1065, 1133
1066, 1134
1067, 1135
1068, 1136
1069, 1137
1070, 1138
1071, 1139
1072, 1140
1073, 1141
1074, 1142
1075, 1143
1076, 1144
1077, 1145
1078, 1146
1079, 1147
1080, 1148
1081, 1149
1082, 1150
1083, 1151
1084, 1152
1085, 1153
1086, 1154
1087, 1155
1088, 1156
1089, 1159
1090, 1160
1091, 1161
1093, 1163
1094, 1164
1095, 1165
1096, 1166
1097, 1167
1098, 1168
1099, 1169
1100, 1170
1101, 1171
1102, 1172
1104, 1175
1105, 1176
1106, 1177
1107, 1178
1108, 1179
1110, 1182
1111, 1183
1112, 1184
1113, 1185
1114, 1187
1116, 1190
1117, 1191
1118, 1193
1119, 1194
1120, 1195
1121, 1921
1122, 1197
1123, 1198
1124, 1199
1125, 1200
1126, 1201
1130, 1205
1131, 1207
1132, 1208
1134, 1210
1135, 1211
1136, 1212
1137, 1213
1139, 1215
1141, 1217
1142, 1218
1143, 1219
1144, 1220
1145, 1221
1146, 1222
1147, 1223
1148, 1224
1150, 1226
1151, 1227
1152, 1228
1153, 1229
1154, 1230
1155, 1231
1157, 1233
1158, 1234
1159, 1235
1160, 1236
1161, 1237
1162, 1238
1163, 1239
1164, 1240
1165, 1242
1166, 1243
1167, 1244
1170, 1247
1171, 1248
1172, 1249
1173, 1251
1174, 1252
1175, 1253
1176, 1254
1177, 1255
1178, 1256
1180, 1258
1181, 1260
1182, 1261
1183, 1262
1184, 1263
1186, 1265
1187, 1266
1188, 1267
1189, 1268
1192, 1271
1194, 1273
1196, 1275
1197, 1276
1198, 1277
1199, 1278
1200, 1279
1201, 1280
1202, 1281
1203, 1283
1204, 1284
1205, 1285
1206, 1286
1207, 1289
1208, 1290
1209, 1291
1210, 1292
1211, 1293
1212, 1294
1213, 1295
1214, 1297
1215, 1298
1216, 1299
1217, 1300
1218, 1301
1220, 1303
1221, 1304
1222, 1305
1223, 1306
1224, 1307
1225, 1308
1227, 1310
1228, 1311
1229, 1312
1230, 1314
1231, 1315
1232, 1316
1234, 1318
1235, 1319
1236, 1320
1239, 1323
1240, 1325
1242, 1327
1243, 1329
1244, 1330
1246, 1332
1248, 1334
1249, 1335
1250, 1336
1251, 1337
1252, 1338
1253, 1339
1256, 1342
1257, 1343
1258, 1344
1260, 1346
1261, 1347
1262, 1349
1263, 1350
1264, 1351
1265, 1352
1266, 1353
1267, 1354
1268, 1356
1269, 1357
1270, 1358
1272, 1360
1273, 1361
1274, 1362
1275, 1363
1276, 1365
1278, 1367
1279, 1368
1280, 1369
1281, 1370
1282, 1371
1283, 1372
1284, 1373
1285, 1374
1286, 1375
1287, 1376
1288, 1377
1289, 1378
1290, 1379
1292, 1381
1293, 1382
1294, 1383
1295, 1384
1296, 1385
1297, 1386
1298, 1387
1299, 1388
1300, 1389
1301, 1390
1302, 1390
1303, 1390
1304, 1391
1305, 1392
1306, 1393
1308, 1413
1309, 1414
1310, 1416
1311, 1418
1312, 1419
1313, 1421
1314, 1422
1315, 1423
1316, 1424
1317, 1425
1318, 1426
1319, 1427
1321, 1430
1322, 1432
1323, 1433
1324, 1434
1325, 1435
1326, 1436
1327, 1437
1328, 1438
1329, 1439
1330, 1440
1331, 1441
1332, 1442
1333, 1443
1334, 1444
1335, 1445
1337, 1447
1338, 1448
1339, 1450
1340, 1451
1341, 1452
1342, 1453
1343, 1454
1344, 1456
1346, 1458
1347, 1459
1348, 1460
1349, 1462
1351, 1464
1352, 1465
1353, 1467
1354, 1468
1355, 1469
1356, 1471
1362, 1477
1363, 1478
1364, 1479
1366, 1482
1367, 1483
1368, 1484
1369, 1485
1372, 1488
1373, 1489
1374, 1490
1375, 1491
1376, 1492
1377, 1493
1378, 1494
1379, 1495
1380, 1496
1381, 1497
1382, 1500
1383, 1501
1384, 1502
1385, 1503
1386, 1504
1387, 1505
1388, 1507
1390, 1509
1391, 1510
1394, 1513
1395, 1514
1396, 1515
1397, 1516
1398, 1517
1399, 1518
1400, 1519
1401, 1521
1402, 1522
1403, 1524
1404, 1525
1405, 1526
1406, 1527
1407, 1528
1410, 1531
1411, 1532
1412, 1533
1415, 1536
1419, 1540
1420, 1542
1421, 1543
1423, 1545
1424, 1546
1425, 1547
1426, 1548
1427, 1549
1428, 1550
1433, 1556
1434, 1557
1435, 1558
1436, 1559
1437, 1560
1438, 1562
1439, 1564
1440, 1565
1442, 1567
1444, 1569
1445, 1570
1446, 1571
1447, 1572
1448, 1573
1449, 1574
1450, 1576
1451, 1577
1453, 1580
1454, 1581
1455, 4396
1456, 1583
1457, 1584
1458, 1585
1459, 1586
1460, 1587
1461, 1588
1462, 1589
1463, 1590
1464, 1591
1465, 1592
1466, 1593
1469, 1596
1470, 1598
1473, 1601
1475, 1603
1476, 1604
1479, 1607
1480, 1608
1481, 1609
1482, 1610
1483, 1611
1485, 1613
1486, 1614
1487, 1615
1488, 1616
1489, 1617
1490, 1618
1491, 1619
1492, 1620
1493, 1621
1494, 1622
1495, 1623
1496, 1624
1497, 1625
1498, 1626
1499, 1627
1500, 1628
1501, 1629
1502, 1631
1504, 1633
1507, 1637
1509, 1639
1510, 1640
1513, 1643
1514, 1644
1515, 1645
1517, 1647
1518, 1648
1520, 1651
1522, 1653
1524, 1655
1528, 1660
1529, 1662
1531, 1664
1533, 1666
1534, 1668
1535, 1669
1536, 1670
1537, 1672
1538, 1673
1539, 1674
1540, 1676
1541, 1677
1542, 1678
1543, 1679
1544, 1680
1545, 1681
1547, 1683
1549, 1685
1550, 1686
1553, 1690
1554, 1691
1555, 1692
1556, 1693
1558, 1695
1559, 1697
1561, 1699
1562, 1700
1563, 1701
1564, 1702
1565, 1703
1566, 1704
1567, 1705
1568, 1706
1569, 1707
1570, 1708
1571, 1709
1572, 1710
1573, 1711
1574, 1712
1575, 1713
1576, 1714
1577, 1715
1578, 1716
1579, 1718
1580, 1719
1584, 1723
1585, 1724
1587, 1726
1590, 1729
1591, 1730
1594, 1734
1595, 1735
1596, 1736
1598, 1738
1599, 1739
1600, 1740
1601, 1741
1602, 1743
1604, 1745
1605, 1746
1607, 1748
1608, 1750
1609, 1751
1612, 1754
1613, 1755
1615, 1757
1616, 1758
1617, 1759
1618, 1760
1621, 1763
1622, 1764
1623, 1766
1624, 1767
1625, 1768
1626, 1769
1628, 1773
1629, 1774
1630, 1775
1632, 1777
1633, 1778
1635, 1781
1636, 1782
1637, 1783
1638, 1785
1639, 1786
1640, 1787
1641, 1789
1644, 1792
1645, 1793
1646, 1794
1647, 1795
1648, 1797
1649, 1798
1650, 1800
1651, 1801
1652, 1803
1653, 1805
1654, 1806
1655, 1807
1656, 1809
1657, 1810
1659, 1812
1660, 1813
1661, 1814
1662, 1815
1663, 1816
1664, 1817
1665, 1818
1666, 1819
1667, 1821
1668, 1823
1669, 1824
1675, 1830
1676, 1832
1677, 1833
1679, 1835
1680, 1836
1681, 1838
1682, 1839
1684, 1842
1685, 1844
1686, 1845
1687, 1846
1688, 1847
1689, 1848
1690, 1850
1692, 1852
1693, 1853
1694, 1854
1695, 1855
1696, 1856
1698, 1860
1699, 1861
1700, 1862
1701, 1863
1702, 1864
1703, 1865
1704, 1866
1705, 1867
1707, 1869
1708, 1870
1709, 1871
1715, 1877
1716, 1878
1720, 1883
1721, 1885
1722, 1886
1723, 1887
1724, 1888
1725, 1889
1726, 1890
1727, 1891
1728, 1892
1729, 1893
1730, 1894
1731, 1895
1732, 1897
1733, 1899
1734, 1900
1735, 1901
1736, 1902
1737, 1903
1738, 1904
1741, 1907
1742, 1908
1743, 1909
1744, 1910
1745, 1911
1746, 1912
1747, 1913
1748, 1914
1749, 1915
1750, 1916
1751, 1917
1752, 1918
1754, 1920
1755, 1921
1756, 1922
1757, 1923
1761, 1894
1763, 1896
1764, 1897
1765, 1898
1766, 1899
1767, 1900
1768, 1901
1770, 1903
1771, 1904
1772, 1905
1773, 1906
1774, 1907
1775, 1908
1777, 1910
1778, 1911
1779, 1912
1780, 1913
1781, 1914
1782, 1915
1783, 1916
1784, 1917
1785, 1919
1786, 1920
1787, 1921
1789, 1923
1790, 1924
1791, 1926
1792, 1927
1793, 1928
1797, 1933
1799, 1935
1800, 1936
1801, 1937
1802, 1938
1804, 1940
1805, 1941
1806, 1942
1807, 1943
1808, 1944
1809, 1945
1810, 1946
1811, 1947
1812, 1948
1814, 1950
1816, 1952
1817, 1953
1818, 4875
1819, 1955
1820, 1956
1821, 1957
1822, 1958
1823, 1959
1824, 1960
1825, 1961
1826, 1962
1828, 1964
1829, 1965
1830, 1966
1831, 1967
1832, 1968
1833, 1969
1835, 1971
1836, 1972
1837, 1973
1838, 1974
1839, 1975
1840, 1976
1841, 1977
1843, 1979
1844, 1980
1845, 1981
1846, 1982
1847, 1983
1848, 1984
1849, 1985
1850, 1986
1851, 1987
1852, 1988
1853, 1989
1854, 1990
1855, 1991
1856, 1993
1857, 1994
1858, 1995
1859, 1997
1860, 1999
1861, 2000
1862, 2001
1864, 2003
1865, 2004
1866, 2005
1867, 2006
1868, 2007
1869, 2008
1870, 2009
1871, 2010
1872, 2011
1873, 2012
1874, 2013
1875, 2014
1876, 2015
1877, 2016
1878, 2017
1879, 2018
1880, 2020
1881, 2021
1882, 2022
1883, 2023
1884, 2024
1885, 2025
1886, 2026
1887, 2027
1888, 2028
1889, 2029
1890, 2030
1892, 2033
1894, 2035
1895, 2036
1897, 2038
1898, 2039
1899, 2040
1900, 2041
1902, 2043
1903, 2044
1906, 2047
1907, 2048
1908, 2049
1909, 2050
1910, 2051
1914, 2055
1915, 2056
1916, 2057
1918, 2059
1919, 2061
1920, 2062
1921, 2063
1923, 2065
1924, 2066
1925, 2067
1926, 2068
1927, 2069
1928, 2070
1929, 2071
1930, 2072
1931, 2073
1932, 2374
1933, 2075
1934, 2076
1935, 2077
1936, 2078
1937, 2079
1938, 2080
1939, 2081
1944, 2086
1945, 2087
1946, 2088
1947, 2089
1948, 2090
1957, 2099
1958, 2100
1959, 2101
1964, 2106
1965, 2107
1966, 2108
1968, 2110
1969, 2111
1971, 2113
1972, 2114
1973, 2116
1974, 2117
1975, 2118
1976, 2119
1977, 2120
1979, 2122
1981, 2125
1983, 2127
1984, 2128
1985, 2129
1987, 2131
1988, 2132
1989, 2133
1990, 2134
1991, 2135
1992, 2136
1995, 2139
1996, 2140
1998, 2142
1999, 2143
2004, 2148
2005, 2149
2006, 2150
2007, 2151
2012, 2157
2013, 2158
2014, 2159
2015, 2160
2017, 2162
2018, 2163
2019, 2164
2020, 2165
2021, 2166
2028, 2174
2030, 2176
2031, 2177
2032, 2179
2033, 2181
2035, 2184
2036, 2185
2037, 2186
2038, 2187
2039, 2188
2040, 2189
2041, 2190
2042, 2191
2043, 2192
2044, 2194
2045, 2195
2046, 2196
2047, 2197
2048, 2199
2050, 2202
2051, 2203
2052, 2204
2055, 2207
2056, 2208
2058, 2210
2059, 2211
2060, 2212
2065, 2217
2066, 2218
2067, 2219
2068, 2220
2071, 2223
2072, 2224
2073, 2225
2075, 2227
2076, 2228
2078, 2230
2079, 2233
2082, 2236
2085, 2239
2087, 2243
2088, 2244
2089, 2246
2090, 2248
2094, 2253
2097, 2257
2098, 2258
2099, 2259
2101, 2261
2102, 2262
2103, 2263
2105, 2265
2107, 2268
2108, 2269
2112, 2273
2115, 2276
2119, 2280
2120, 2281
2123, 2284
2125, 2287
2127, 2289
2130, 2294
2132, 2296
2134, 2297
2136, 2300
2137, 2301
2138, 2303
2139, 2304
2143, 2309
2145, 2312
2146, 2313
2148, 2316
2150, 2318
2152, 2320
2153, 2321
2154, 2322
2155, 2323
2157, 2325
2158, 2326
2159, 2327
2160, 2328
2162, 2330
2163, 2331
2165, 2333
2166, 3125
2167, 2335
2168, 2336
2170, 2338
2171, 2339
2172, 2340
2173, 2342
2174, 2343
2175, 2345
2176, 2347
2177, 2348
2178, 2349
2179, 2350
2181, 2352
2182, 2353
2184, 2355
2185, 2356
2186, 2358
2187, 2359
2188, 2361
2189, 2362
2190, 2363
2193, 2366
2194, 2367
2195, 2368
2196, 2369
2197, 2370
2198, 2371
2199, 2372
2202, 2375
2203, 2376
2204, 2378
2205, 2379
2206, 2380
2207, 2381
2208, 2382
2209, 2383
2210, 2385
2211, 2386
2212, 2387
2213, 2388
2214, 2389
2215, 2390
2216, 2391
2217, 2392
2218, 2393
2219, 2394
2220, 2395
2221, 2396
2222, 2397
2223, 2398
2224, 2399
2225, 2400
2226, 2401
2227, 2402
2228, 2403
2229, 2405
2230, 2407
2231, 2408
2232, 2409
2233, 2410
2234, 2411
2235, 2412
2236, 2413
2237, 2414
2238, 2415
2239, 2416
2240, 2418
2241, 2419
2242, 2420
2243, 2421
2244, 2422
2245, 2423
2246, 2424
2247, 2425
2248, 2426
2249, 2427
2250, 2428
2251, 2429
2252, 2431
2253, 2432
2254, 2434
2255, 2435
2256, 2436
2257, 2437
2259, 2439
2260, 2440
2261, 2441
2262, 2442
2263, 2443
2264, 2444
2265, 2445
2266, 2446
2269, 2449
2272, 2452
2273, 2453
2274, 3196
2275, 2455
2276, 2456
2277, 2457
2280, 2460
2281, 2461
2282, 2462
2283, 2463
2284, 2464
2285, 2465
2286, 2466
2287, 2467
2288, 2468
2289, 2469
2290, 2470
2292, 2472
2293, 2473
2294, 2474
2295, 2475
2297, 2477
2298, 2478
2299, 2479
2300, 2480
2301, 2481
2302, 2483
2303, 2483
2304, 2484
2305, 2485
2306, 2486
2308, 2488
2309, 2489
2311, 2491
2313, 2493
2314, 2494
2315, 2495
2316, 2496
2317, 2497
2318, 2499
2320, 2501
2323, 2505
2325, 2508
2326, 2509
2327, 2510
2328, 2511
2329, 2512
2331, 2514
2332, 2515
2333, 2517
2334, 2518
2335, 2519
2336, 2520
2337, 2521
2338, 2522
2339, 2523
2340, 2524
2341, 2525
2342, 2527
2343, 2528
2344, 2529
2345, 2530
2346, 2531
2347, 2532
2348, 2533
2349, 2534
2350, 2535
2351, 2536
2352, 2537
2353, 2538
2354, 2539
2355, 2541
2356, 2542
2357, 2543
2358, 2544
2359, 2545
2362, 2548
2363, 2549
2364, 2550
2365, 2551
2366, 2552
2367, 2553
2368, 2554
2369, 2555
2370, 2557
2371, 2558
2372, 2559
2373, 2561
2374, 2562
2375, 2563
2376, 2564
2377, 2565
2378, 2566
2379, 2567
2380, 2568
2381, 2569
2382, 2570
2383, 2571
2384, 2572
2385, 2573
2386, 2574
2387, 2575
2388, 2576
2389, 2577
2390, 2578
2391, 2579
2392, 2580
2393, 2581
2394, 2582
2396, 2585
2397, 2586
2401, 2590
2402, 2591
2403, 2592
2404, 2593
2405, 2595
2408, 2598
2409, 2599
2410, 2600
2411, 2601
2412, 2602
2413, 2603
2414, 2604
2415, 2605
2416, 2606
2418, 2609
2419, 2610
2420, 2612
2421, 2613
2422, 2614
2423, 2615
2424, 2617
2425, 2618
2426, 2619
2427, 2620
2428, 2621
2429, 2622
2430, 2623
2431, 2624
2432, 2625
2433, 2626
2434, 2627
2435, 2628
2436, 2629
2437, 2630
2438, 2631
2439, 3971
2440, 2634
2442, 2636
2443, 2637
2444, 2638
2445, 2639
2446, 2640
2447, 2641
2448, 2642
2449, 2643
2453, 2647
2454, 2648
2455, 2649
2456, 2650
2457, 2651
2458, 2652
2459, 2653
2460, 2654
2461, 2655
2462, 2656
2463, 2657
2464, 2658
2465, 2659
2466, 2660
2467, 2661
2468, 2662
2469, 2663
2470, 2664
2471, 2665
2473, 2668
2474, 2669
2478, 2674
2479, 2675
2481, 2678
2482, 2679
2483, 2680
2484, 2681
2485, 2682
2486, 2683
2487, 2684
2488, 2685
2489, 2686
2490, 2687
2491, 2688
2492, 2689
2493, 2690
2494, 2691
2495, 2692
2496, 2693
2498, 2695
2499, 2697
2500, 2698
2501, 2699
2502, 2701
2503, 2702
2504, 2703
2505, 2704
2506, 2705
2507, 2706
2508, 2707
2509, 2708
2510, 2709
2511, 2710
2512, 2711
2513, 2714
2515, 2716
2517, 2718
2518, 2719
2519, 2499
2521, 2722
2522, 2723
2525, 2727
2528, 2730
2529, 2732
2530, 2735
2533, 2738
2534, 2739
2535, 2740
2536, 2741
2537, 2742
2538, 2743
2539, 2744
2541, 2746
2542, 2747
2543, 2748
2545, 2750
2546, 2751
2547, 2752
2548, 2753
2551, 2756
2552, 2757
2554, 2760
2555, 2761
2558, 2764
2559, 2765
2562, 2769
2563, 2770
2564, 2771
2565, 2772
2567, 2774
2569, 2776
2570, 2777
2572, 2780
2573, 2781
2574, 2782
2575, 2783
2576, 2784
2577, 2785
2578, 2786
2579, 2787
2580, 2788
2581, 2790
2582, 2791
2583, 2792
2584, 2793
2585, 2794
2586, 2795
2587, 2796
2588, 2797
2589, 2798
2590, 2799
2591, 2801
2592, 2802
2593, 2803
2594, 2804
2596, 2807
2597, 2808
2598, 2809
2599, 2810
2600, 2811
2601, 2812
2602, 2813
2603, 2814
2604, 2815
2605, 2816
2606, 2817
2607, 2818
2608, 2820
2609, 2821
2610, 2822
2611, 2823
2612, 2824
2613, 2825
2614, 2826
2615, 2827
2616, 2828
2617, 2829
2626, 2838
2627, 2839
2628, 2840
2629, 2841
2630, 2842
2631, 2843
2632, 2844
2633, 2845
2634, 2846
2635, 2847
2637, 2849
2638, 2850
2639, 2851
2641, 2853
2642, 2854
2643, 2855
2644, 2856
2645, 2857
2646, 2858
2647, 2859
2648, 2860
2649, 2861
2650, 2862
2651, 2863
2653, 2865
2654, 2866
2655, 2867
2656, 2868
2659, 2871
2660, 2872
2661, 2873
2662, 2874
2663, 2875
2665, 2877
2667, 2880
2668, 2881
2669, 2882
2672, 2885
2673, 2887
2674, 2888
2675, 2889
2676, 2890
2677, 2891
2678, 2892
2679, 2893
2680, 2894
2681, 2896
2682, 2897
2683, 2898
2684, 2899
2685, 2900
2686, 2901
2687, 2902
2688, 2903
2689, 2904
2690, 2905
2691, 2907
2692, 2908
2693, 2909
2696, 2912
2698, 2914
2699, 2915
2700, 2916
2701, 2917
2707, 2924
2708, 2925
2710, 2927
2711, 2928
2712, 2929
2713, 2930
2714, 2931
2715, 2932
2716, 2933
2717, 2934
2718, 2935
2719, 2936
2721, 2938
2722, 2939
2723, 2940
2724, 2942
2725, 2943
2727, 2946
2733, 2952
2735, 2955
2736, 238
2737, 2957
2738, 2958
2739, 2959
2740, 2960
2741, 2961
2742, 2963
2743, 2964
2744, 2966
2745, 2967
2748, 2970
2749, 2971
2750, 2972
2751, 2973
2752, 2974
2753, 2975
2754, 2976
2755, 2977
2756, 2978
2757, 2979
2758, 2980
2759, 2981
2760, 2982
2761, 2983
2766, 2988
2767, 2989
2768, 2990
2769, 2991
2770, 2992
2773, 2995
2774, 2996
2775, 2997
2776, 2998
2777, 2999
2778, 3000
2779, 3001
2781, 3003
2782, 3004
2783, 3005
2784, 3006
2785, 3007
2786, 3008
2788, 3010
2789, 3011
2790, 3012
2792, 3015
2793, 3016
2794, 3017
2795, 3018
2796, 3019
2797, 3020
2798, 3021
2801, 2966
2807, 3032
2808, 3034
2809, 3036
2811, 3038
2812, 3039
2813, 3040
2814, 3041
2815, 3042
2816, 3043
2817, 3044
2818, 3045
2819, 3046
2820, 3047
2821, 3048
2822, 3050
2823, 3051
2824, 3052
2825, 3053
2827, 3055
2828, 2638
2829, 3337
2830, 3058
2831, 3059
2832, 3060
2833, 3061
2835, 3063
2836, 3064
2837, 3065
2838, 3066
2839, 3068
2841, 3070
2842, 3071
2843, 3072
2844, 3073
2845, 3074
2847, 3076
2848, 3077
2849, 3079
2850, 3080
2851, 3081
2852, 3082
2853, 3083
2854, 3084
2855, 3085
2859, 3089
2861, 3091
2862, 3092
2863, 3094
2864, 3095
2865, 2776
2866, 3097
2867, 3098
2868, 3099
2869, 3100
2870, 3101
2871, 3102
2872, 3103
2873, 3104
2874, 3105
2875, 3106
2876, 3107
2877, 3108
2878, 3109
2879, 3110
2880, 3111
2881, 3113
2882, 3114
2883, 3115
2884, 3116
2885, 3117
2886, 3118
2887, 3119
2888, 3120
2889, 3121
2890, 3122
2891, 3123
2892, 3124
2893, 3125
2894, 3126
2895, 3127
2896, 3128
2897, 3129
2898, 3130
2899, 3132
2900, 3133
2901, 3134
2902, 3135
2903, 3136
2904, 3137
2905, 3138
2906, 3139
2907, 3140
2908, 3141
2909, 3142
2910, 3143
2911, 3144
2912, 3145
2913, 3146
2915, 3148
2916, 3149
2917, 3150
2918, 3151
2919, 3152
2920, 3153
2921, 3154
2922, 3155
2923, 3156
2924, 3158
2925, 3159
2926, 3161
2927, 3162
2930, 3166
2931, 3167
2932, 3168
2933, 3169
2934, 3170
2935, 3171
2937, 3173
2939, 3175
2940, 3176
2941, 3177
2942, 3178
2943, 3179
2944, 3181
2946, 3183
2947, 3184
2948, 3185
2949, 3186
2950, 3188
2951, 3189
2952, 3190
2953, 3191
2954, 3193
2955, 3194
2956, 3195
2957, 3196
2958, 3197
2959, 3198
2960, 3199
2961, 3200
2962, 3201
2963, 3202
2964, 3203
2965, 3204
2966, 3205
2967, 3206
2968, 3207
2969, 3208
2970, 3209
2971, 3210
2972, 3211
2973, 3212
2974, 3213
2975, 3214
2976, 3215
2977, 3216
2978, 3217
2979, 3218
2980, 3219
2981, 3220
2982, 3221
2983, 3222
2984, 3223
2985, 3224
2987, 3226
2988, 3227
2989, 3228
2990, 3229
2991, 3230
2992, 3231
2993, 3232
2994, 3233
2995, 3234
2996, 3235
2997, 3236
2998, 3237
2999, 3238
3001, 3240
3002, 3241
3003, 3242
3004, 3243
3005, 3244
3006, 3245
3007, 3246
3008, 3247
3009, 3248
3010, 3249
3011, 3250
3012, 3251
3013, 3252
3014, 3254
3015, 3255
3016, 3256
3018, 3258
3019, 3259
3020, 3260
3021, 3261
3022, 3262
3023, 3263
3024, 3264
3025, 3265
3026, 3266
3027, 3267
3028, 3268
3029, 3269
3030, 3270
3031, 3271
3032, 3273
3033, 3275
3034, 3276
3035, 3277
3036, 3278
3037, 3279
3038, 3280
3039, 3281
3040, 3282
3041, 3283
3042, 3284
3043, 3285
3044, 3286
3045, 3287
3046, 3289
3047, 3290
3048, 3291
3049, 3292
3050, 3293
3051, 3294
3052, 3295
3054, 3298
3055, 3300
3056, 3301
3057, 3302
3058, 3303
3059, 3304
3060, 3305
3061, 3306
3062, 3307
3063, 3308
3065, 3311
3069, 3316
3070, 3317
3071, 3318
3072, 3319
3073, 3320
3074, 3321
3075, 3322
3076, 3323
3077, 3324
3078, 3325
3079, 3326
3080, 3327
3081, 3328
3082, 3329
3083, 3330
3084, 3331
3085, 3332
3086, 3333
3087, 3334
3088, 3335
3089, 3337
3090, 3338
3091, 3339
3092, 3340
3093, 3341
3095, 3344
3096, 3345
3097, 3346
3098, 3347
3099, 3348
3100, 3349
3101, 3350
3102, 3351
3104, 3353
3105, 3354
3106, 3355
3107, 3356
3108, 3358
3109, 3359
3110, 3360
3111, 3361
3112, 3362
3113, 3364
3114, 3365
3115, 3366
3116, 3367
3117, 3368
3118, 3369
3119, 3370
3120, 3371
3121, 3372
3122, 3373
3123, 3374
3124, 3375
3125, 3376
3126, 3377
3127, 3378
3128, 3379
3129, 3380
3130, 3381
3131, 3383
3132, 3384
3133, 3385
3134, 3386
3135, 3387
3136, 3388
3137, 3389
3138, 3390
3139, 3382
3140, 3391
3141, 3392
3142, 3393
3143, 3394
3144, 3395
3145, 3397
3146, 3398
3147, 3399
3150, 3402
3151, 3403
3152, 3404
3153, 3405
3155, 3407
3156, 3408
3157, 3409
3158, 3410
3159, 3411
3164, 3417
3165, 3418
3168, 3421
3170, 3423
3171, 3424
3172, 3425
3173, 3426
3174, 3428
3176, 3430
3177, 3431
3178, 3432
3179, 3434
3180, 3435
3181, 3436
3182, 3437
3183, 3438
3184, 3439
3185, 3441
3186, 3442
3188, 3444
3189, 3445
3190, 3446
3191, 3447
3192, 3448
3193, 3449
3194, 3450
3195, 3454
3196, 3455
3197, 3456
3198, 3457
3199, 3458
3200, 3459
3201, 3460
3202, 3461
3203, 3462
3204, 3463
3205, 3464
3206, 3465
3207, 3466
3208, 3467
3209, 3468
3210, 3469
3211, 3470
3212, 3471
3213, 3472
3214, 3473
3215, 3474
3216, 3475
3217, 3476
3218, 3477
3219, 3478
3220, 3479
3221, 3480
3222, 3481
3223, 3482
3224, 3483
3226, 3485
3227, 3486
3230, 3529
3231, 3530
3232, 3531
3233, 3532
3234, 3533
3235, 3535
3236, 3537
3237, 3538
3238, 3539
3239, 3540
3240, 3541
3241, 3542
3242, 3544
3243, 3545
3246, 3548
3247, 3549
3248, 3550
3249, 3551
3250, 3552
3251, 3553
3252, 3554
3253, 3555
3254, 3556
3255, 3563
3256, 3557
3257, 3558
3258, 3559
3259, 3560
3260, 3561
3262, 3564
3263, 3565
3265, 3568
3267, 3571
3268, 3572
3269, 3573
3270, 3574
3272, 3576
3273, 3577
3274, 3578
3275, 3579
3276, 3580
3277, 3581
3278, 3582
3280, 3584
3281, 3585
3282, 3586
3283, 3587
3285, 3589
3286, 3590
3287, 3591
3288, 3592
3289, 3593
3290, 3594
3291, 3595
3292, 3596
3293, 3597
3294, 3598
3295, 3599
3296, 3600
3297, 3601
3298, 3602
3299, 3604
3300, 3605
3301, 3606
3302, 3607
3303, 3608
3305, 3611
3306, 3612
3307, 3613
3311, 3617
3312, 3618
3313, 3619
3314, 3620
3315, 3621
3316, 3622
3317, 3623
3318, 3624
3319, 3626
3320, 3627
3321, 3628
3322, 3629
3323, 3632
3324, 3633
3325, 3634
3326, 3635
3327, 3636
3328, 3637
3329, 3639
3330, 3640
3331, 3641
3332, 3642
3333, 3643
3334, 3644
3335, 3646
3336, 3647
3337, 3648
3338, 3649
3339, 3650
3340, 3652
3341, 3653
3342, 3654
3343, 3655
3344, 3656
3345, 3657
3346, 3658
3347, 3659
3348, 3660
3349, 3661
3350, 3662
3351, 3663
3352, 3665
3353, 3666
3355, 4474
3356, 3671
3357, 3672
3358, 3673
3359, 3674
3360, 3675
3361, 3676
3362, 3677
3367, 3682
3368, 3683
3369, 3684
3370, 3685
3371, 3687
3372, 3688
3373, 3689
3374, 3690
3375, 3691
3376, 3692
3377, 3693
3378, 3694
3379, 3695
3380, 3696
3381, 3697
3382, 3698
3383, 3699
3385, 3702
3386, 3703
3387, 3704
3388, 3705
3389, 3706
3390, 3707
3391, 3708
3392, 3709
3393, 3710
3394, 3711
3395, 3715
3396, 3716
3397, 3717
3398, 3718
3399, 3719
3400, 3720
3401, 3721
3402, 3722
3403, 3723
3404, 3724
3406, 3726
3407, 3294
3408, 3728
3409, 3729
3410, 3730
3411, 3731
3412, 3732
3414, 3735
3415, 3736
3416, 3737
3417, 3739
3418, 3740
3419, 3741
3420, 3743
3421, 3744
3422, 3745
3423, 3746
3424, 3747
3425, 3748
3426, 3749
3427, 3750
3428, 3751
3429, 3752
3430, 3753
3431, 3754
3432, 3755
3433, 3756
3435, 3758
3436, 3760
3437, 3761
3438, 3762
3439, 3764
3441, 3766
3442, 3767
3443, 3768
3444, 3769
3445, 3770
3446, 3771
3448, 3773
3449, 3774
3450, 3775
3451, 3776
3452, 3777
3454, 3780
3455, 3782
3456, 3783
3457, 3784
3458, 3786
3459, 3787
3460, 3788
3461, 3789
3462, 3790
3463, 3791
3464, 3792
3465, 3793
3466, 3794
3467, 3795
3468, 3796
3469, 3797
3470, 3798
3471, 3799
3472, 3800
3475, 3804
3478, 3808
3479, 3809
3480, 3810
3482, 3812
3483, 3813
3484, 3814
3485, 3815
3486, 3816
3487, 3817
3488, 3818
3489, 3819
3490, 3820
3491, 3821
3492, 3822
3493, 3823
3494, 3824
3495, 3825
3496, 3826
3498, 3828
3501, 3831
3502, 3832
3503, 3833
3504, 3834
3505, 3835
3506, 3837
3507, 3838
3508, 3839
3509, 3840
3510, 3841
3513, 3844
3514, 3845
3515, 3846
3516, 3847
3517, 3848
3518, 3849
3519, 3850
3520, 3851
3521, 3852
3525, 3856
3526, 3857
3527, 3858
3528, 3859
3529, 3860
3530, 3862
3531, 3863
3532, 3864
3533, 3865
3534, 3866
3535, 3867
3536, 3869
3537, 3870
3538, 3871
3539, 3872
3540, 3874
3541, 3875
3542, 3877
3543, 3878
3544, 3879
3545, 3880
3546, 3881
3547, 3882
3548, 3883
3549, 3884
3550, 3885
3551, 3886
3552, 3887
3553, 3889
3554, 3890
3555, 3891
3556, 3892
3557, 3893
3558, 3894
3559, 3896
3560, 3897
3561, 3898
3562, 3899
3563, 3900
3564, 3901
3565, 3902
3566, 3903
3567, 3904
3570, 3907
3571, 3908
3572, 3909
3573, 3910
3574, 3911
3575, 3912
3576, 3913
3577, 3914
3578, 3915
3579, 3916
3580, 3917
3581, 3918
3583, 3920
3584, 3921
3585, 3922
3586, 3923
3587, 3924
3588, 3925
3589, 3926
3590, 3927
3591, 3928
3592, 3929
3593, 3930
3594, 3931
3595, 3932
3596, 3933
3597, 3934
3598, 3935
3599, 3936
3600, 3937
3601, 3938
3602, 3939
3603, 3940
3604, 3941
3605, 3942
3606, 3943
3607, 3944
3608, 3945
3609, 3946
3610, 3947
3611, 3948
3612, 3949
3613, 3950
3615, 3952
3616, 3953
3617, 3955
3618, 3956
3619, 3957
3620, 3958
3621, 3959
3622, 3960
3623, 3962
3624, 3963
3625, 3964
3626, 3965
3627, 3967
3628, 3969
3629, 3970
3630, 3971
3631, 3972
3632, 3973
3633, 3974
3634, 3975
3635, 3976
3636, 3977
3637, 3978
3638, 3979
3639, 3980
3640, 3981
3641, 3982
3642, 3983
3643, 3984
3644, 3985
3645, 3986
3646, 3987
3647, 3989
3648, 3990
3649, 3991
3650, 3992
3651, 3993
3652, 3994
3653, 3995
3654, 3996
3655, 3997
3656, 3998
3657, 3999
3658, 4000
3659, 4001
3660, 4002
3661, 4004
3662, 4005
3665, 4008
3666, 4009
3667, 4010
3668, 4011
3669, 4014
3670, 4015
3671, 4016
3672, 4017
3673, 4018
3674, 4019
3676, 4021
3677, 4022
3678, 4024
3679, 4025
3680, 4026
3681, 4027
3683, 4031
3684, 4032
3685, 4033
3686, 4034
3687, 4035
3688, 4036
3689, 4037
3690, 4038
3691, 4040
3692, 4042
3693, 4044
3694, 4045
3695, 4046
3696, 4047
3697, 4048
3698, 4049
3699, 4050
3700, 4051
3701, 4052
3702, 4053
3703, 4054
3704, 4055
3705, 4056
3706, 4057
3707, 4058
3708, 4059
3709, 4061
3710, 4062
3711, 4063
3712, 4064
3713, 4065
3714, 4067
3715, 4068
3716, 4069
3717, 4070
3718, 4071
3719, 4072
3720, 4074
3721, 4075
3722, 4076
3723, 4077
3724, 4078
3725, 4079
3726, 4080
3727, 4081
3728, 4082
3729, 4083
3730, 4085
3731, 4087
3732, 4088
3733, 4089
3734, 4090
3735, 4091
3736, 4092
3737, 4093
3739, 4095
3740, 4096
3741, 4097
3742, 4098
3743, 4099
3744, 4100
3745, 4101
3746, 4102
3747, 4103
3748, 4104
3749, 4105
3750, 4106
3752, 4108
3754, 4110
3755, 4111
3756, 4112
3757, 4113
3758, 4114
3759, 4115
3760, 4116
3762, 4118
3764, 4121
3765, 4122
3766, 4123
3767, 4124
3769, 4126
3770, 4127
3771, 4128
3772, 4130
3773, 4131
3774, 4132
3777, 4135
3778, 4136
3779, 4137
3781, 4139
3782, 4141
3783, 4142
3784, 4143
3785, 4144
3787, 4146
3788, 4147
3789, 4148
3790, 2834
3791, 4150
3792, 4151
3793, 4152
3794, 4153
3795, 4154
3796, 4155
3798, 4157
3799, 4158
3800, 4159
3802, 4161
3803, 4162
3804, 4163
3805, 4164
3806, 4165
3807, 4166
3808, 4167
3809, 4168
3810, 4169
3811, 4170
3812, 4171
3813, 4172
3814, 4174
3816, 4178
3817, 4179
3818, 4181
3819, 4184
3821, 4186
3826, 4193
3827, 4194
3828, 4195
3829, 4196
3830, 4197
3831, 4199
3832, 4200
3833, 4201
3834, 4202
3835, 4203
3837, 4205
3838, 4206
3839, 4207
3840, 4209
3841, 4210
3842, 4211
3843, 4212
3844, 4213
3845, 4214
3846, 4215
3847, 4216
3848, 4217
3849, 4218
3850, 4219
3851, 4220
3852, 4221
3853, 4222
3854, 4223
3855, 4224
3856, 4225
3857, 4226
3858, 4227
3859, 4228
3860, 4229
3861, 4230
3862, 4231
3863, 4232
3866, 4235
3867, 4237
3868, 4238
3870, 4240
3871, 4241
3872, 4242
3873, 4243
3874, 4244
3875, 4245
3876, 4246
3877, 4247
3878, 4248
3879, 4249
3881, 4251
3882, 4252
3883, 4254
3884, 4255
3885, 4256
3886, 4257
3887, 4258
3888, 4259
3889, 4260
3890, 4261
3891, 4262
3892, 4263
3893, 4264
3894, 4265
3897, 4268
3898, 4269
3899, 4270
3900, 4271
3901, 4273
3902, 4274
3903, 4275
3904, 4276
3905, 4277
3906, 4279
3907, 4280
3908, 4281
3909, 4282
3910, 4283
3911, 4285
3912, 4286
3913, 4287
3914, 4288
3915, 4289
3916, 4290
3918, 4294
3919, 4295
3920, 4296
3921, 4297
3922, 4298
3923, 4300
3924, 4301
3925, 4302
3927, 4305
3928, 4306
3929, 4307
3930, 4308
3931, 4309
3932, 4310
3933, 4311
3934, 4312
3935, 4314
3936, 4315
3937, 4317
3938, 4318
3939, 4319
3940, 4320
3941, 4321
3942, 4322
3943, 4324
3945, 4326
3946, 4327
3947, 4329
3948, 4330
3949, 4331
3950, 4332
3951, 4333
3952, 4335
3955, 4338
3956, 4339
3957, 4340
3958, 4341
3962, 4346
3963, 4347
3964, 4348
3965, 4349
3966, 4350
3967, 4352
3968, 4354
3970, 4357
3971, 4358
3972, 4359
3973, 4360
3975, 4362
3976, 4363
3977, 4364
3978, 4366
3979, 4367
3980, 4368
3981, 4369
3982, 4371
3983, 4372
3984, 4373
3985, 4374
3986, 4375
3987, 4376
3988, 4377
3989, 4378
3991, 4380
3992, 4381
3993, 4382
3994, 4383
3995, 4384
3996, 4385
3997, 4386
3998, 4387
3999, 4389
4000, 4390
4001, 4391
4002, 4392
4003, 4393
4004, 4394
4005, 4396
4007, 4398
4008, 4399
4009, 4400
4010, 4401
4011, 4402
4012, 4403
4013, 4404
4014, 4405
4015, 4406
4016, 4407
4017, 4408
4018, 4409
4019, 4410
4020, 4411
4022, 4413
4023, 4414
4024, 4415
4025, 4417
4027, 4420
4028, 4421
4029, 4423
4031, 4425
4032, 4426
4033, 4427
4034, 4428
4035, 4429
4036, 4430
4037, 4431
4038, 4433
4040, 4435
4041, 4436
4042, 4437
4043, 4438
4044, 4439
4045, 4440
4046, 4441
4047, 4442
4048, 4443
4049, 4444
4050, 4445
4051, 4446
4052, 4448
4053, 4449
4054, 4450
4055, 4451
4056, 4452
4057, 4453
4058, 4454
4059, 4455
4060, 4456
4061, 4457
4062, 4458
4063, 4459
4064, 4460
4065, 4461
4066, 4462
4067, 4463
4068, 4464
4069, 4465
4070, 4466
4071, 4467
4072, 4468
4073, 4469
4074, 4470
4076, 4473
4077, 4474
4078, 4475
4079, 4476
4081, 4479
4084, 4482
4085, 4483
4087, 4485
4088, 4486
4089, 4487
4090, 4488
4091, 4489
4092, 4490
4093, 4491
4094, 4492
4095, 4493
4097, 4495
4098, 4498
4099, 4499
4100, 4500
4101, 4501
4102, 4502
4103, 4503
4105, 4505
4106, 4506
4107, 4507
4110, 4510
4113, 4513
4114, 4514
4115, 4515
4116, 4516
4117, 4517
4118, 4518
4119, 4519
4120, 4520
4121, 4521
4122, 4522
4123, 4523
4124, 4525
4125, 4526
4126, 4527
4127, 4528
4128, 4529
4129, 4530
4130, 4531
4132, 4533
4135, 4536
4136, 4537
4137, 4538
4138, 4539
4139, 4540
4140, 4541
4141, 4542
4142, 4543
4143, 4544
4145, 4546
4146, 4547
4147, 4548
4148, 4549
4149, 4550
4152, 4553
4153, 4554
4154, 4557
4155, 4558
4156, 4559
4159, 4562
4160, 4563
4163, 4568
4164, 4570
4165, 4571
4166, 4572
4167, 4573
4168, 4574
4169, 4575
4172, 4578
4173, 4579
4174, 4580
4176, 4582
4177, 4583
4179, 4585
4180, 4586
4181, 4587
4182, 4588
4183, 4589
4185, 4591
4187, 4594
4188, 4595
4189, 4596
4190, 4598
4191, 4599
4192, 4600
4193, 4601
4194, 4602
4195, 4603
4196, 4604
4197, 4605
4200, 4608
4201, 4609
4202, 4610
4207, 4616
4208, 4617
4209, 4618
4210, 4619
4211, 4620
4212, 4621
4213, 4622
4214, 4623
4215, 4624
4216, 4625
4217, 4626
4218, 4627
4221, 4630
4222, 4631
4223, 4632
4224, 4633
4225, 4634
4226, 4635
4227, 4636
4228, 4637
4229, 4638
4230, 4639
4231, 4640
4232, 4641
4233, 4642
4234, 4643
4235, 4644
4236, 4645
4237, 4646
4238, 4647
4239, 4648
4240, 4649
4241, 4650
4243, 4652
4244, 4653
4245, 4654
4246, 4655
4247, 4656
4248, 4657
4249, 4658
4250, 4659
4252, 4661
4253, 4662
4255, 4664
4256, 4665
4257, 4666
4262, 4672
4263, 4673
4266, 4676
4272, 4683
4273, 4684
4274, 4685
4275, 4686
4276, 4687
4277, 4689
4278, 4690
4280, 4692
4281, 4694
4283, 4696
4284, 4697
4285, 4698
4286, 4699
4288, 4701
4289, 4702
4290, 4703
4291, 4704
4292, 4705
4293, 4706
4294, 4708
4295, 4709
4296, 4710
4297, 4711
4298, 4712
4299, 4713
4300, 4714
4301, 4715
4302, 4716
4303, 4717
4304, 4718
4306, 4720
4307, 4721
4309, 4723
4310, 4724
4311, 4725
4312, 4726
4313, 4727
4315, 4729
4316, 4730
4317, 4731
4318, 4732
4319, 4733
4324, 4738
4325, 4739
4326, 4740
4327, 4741
4328, 4743
4329, 4744
4330, 4745
4332, 4747
4333, 4749
4334, 4750
4335, 4751
4336, 4752
4337, 4753
4338, 4754
4340, 4756
4342, 4758
4344, 4760
4345, 4761
4347, 4763
4348, 4764
4349, 4765
4350, 4766
4351, 4767
4352, 4768
4353, 4769
4354, 4770
4355, 4771
4357, 4773
4359, 4775
4360, 4776
4361, 4777
4362, 4778
4363, 4779
4364, 4780
4367, 4783
4368, 4784
4369, 4785
4370, 4786
4371, 4787
4372, 4788
4373, 4789
4374, 4790
4375, 4791
4376, 4792
4378, 4794
4379, 4795
4380, 4796
4381, 4797
4382, 4798
4384, 4800
4385, 4802
4386, 4803
4387, 4806
4388, 4807
4389, 4808
4390, 4809
4391, 4810
4392, 4811
4393, 4812
4394, 4813
4395, 4814
4396, 4816
4397, 4817
4398, 4818
4399, 4819
4400, 4820
4401, 4821
4402, 4822
4404, 4824
4405, 4825
4406, 4826
4407, 4827
4408, 4828
4409, 4829
4410, 4830
4411, 4831
4412, 4832
4413, 4834
4414, 4835
4415, 4836
4416, 4837
4417, 4838
4418, 4839
4419, 4840
4420, 4841
4422, 4843
4423, 4844
4424, 4845
4426, 4848
4427, 4849
4429, 4851
4430, 4852
4431, 4853
4432, 4854
4433, 4855
4434, 4856
4436, 4858
4437, 4859
4438, 4860
4439, 4861
4440, 4862
4441, 4863
4442, 4864
4443, 4865
4444, 4867
4445, 4868
4447, 4870
4450, 4873
4452, 4875
4453, 4876
4454, 4877
4455, 4879
4456, 4882
4457, 4883
4458, 4884
4459, 4885
4460, 4886
4461, 4887
4462, 4888
4463, 4889
4464, 4890
4465, 4892
4466, 4893
4467, 4894
4468, 4895
4469, 4896
4470, 4897
4471, 4898
4472, 4899
4473, 4900
4474, 4901
4475, 4902
4476, 4903
4477, 4904
4478, 4905
4479, 4906
4480, 4907
4481, 4908
4482, 4909
4483, 4910
4484, 4911
4485, 4912
4486, 4913
4488, 4915
4489, 4916
4490, 4917
4491, 4918
4497, 4924
4498, 4925
4499, 4926
4500, 4927
4501, 4928
4502, 4930
4503, 4931
4504, 4932
4506, 4934
4507, 4935
4510, 4938
4511, 4939
4512, 4940
4513, 4941
4514, 4942
4515, 4943
4516, 4944
4517, 4945
4518, 4946
4519, 4948
4520, 4949
4521, 4950
4522, 4951
4523, 4952
4524, 4953
4525, 4954
4526, 4955
4528, 4957
4529, 4959
4530, 4960
4531, 4961
4532, 4962
4533, 4963
4534, 4964
4535, 4965
4536, 4966
4537, 4967
4539, 4969
4540, 4970
4541, 4971
4542, 4972
4543, 4973
4546, 4976
4548, 4978
4549, 3317
4550, 4981
4551, 4982
4552, 4983
4553, 4984
4554, 4985
4556, 4987
4557, 4988
4558, 4989
4559, 4990
4560, 4991
4561, 4992
4563, 4994
4564, 4995
4569, 5001
4570, 5002
4571, 5003
4572, 5005
4574, 5008
4575, 5009
4576, 5010
4577, 5011
4579, 5013
4582, 5016
4583, 5017
4584, 5018
4585, 5019
4588, 5022
4589, 5023
4590, 5024
4592, 5026
4593, 5027
4594, 5028
4595, 5029
4596, 5030
4597, 5031
4598, 5032
4599, 5033
4600, 5034
4601, 5035
4602, 5036
4603, 5037
4604, 5038
4605, 5040
4606, 5041
4607, 5042
4608, 5043
4609, 5044
4610, 5045
4611, 5046
4612, 5047
4613, 5048
4614, 5049
4615, 5050
4616, 5051
4617, 5052
4618, 5053
4619, 5054
4620, 5055
4621, 5056
4622, 5057
4623, 5058
4624, 5062
4625, 5063
4626, 5064
4627, 7462
4628, 5067
4629, 5068
4631, 5071
4632, 5072
4633, 5073
4635, 5075
4636, 5076
4637, 5077
4638, 5078
4639, 5079
4640, 5080
4641, 5081
4643, 5083
4644, 5084
4645, 5086
4647, 5088
4649, 5090
4650, 5092
4651, 5093
4652, 5094
4653, 5095
4654, 5096
4655, 5097
4656, 5098
4657, 5099
4658, 5100
4660, 5102
4663, 5106
4664, 5107
4665, 5108
4666, 5109
4669, 5112
4670, 5113
4671, 5114
4672, 5115
4673, 5116
4674, 5117
4675, 5118
4676, 5119
4677, 5120
4679, 5122
4680, 5123
4681, 5125
4685, 5129
4686, 5132
4687, 5133
4688, 5134
4689, 5135
4690, 5136
4691, 5137
4692, 5138
4693, 5139
4694, 5140
4695, 5141
4698, 5144
4699, 5145
4700, 5146
4701, 5147
4706, 5152
4709, 5155
4710, 5156
4711, 5157
4712, 5158
4713, 5159
4714, 5160
4715, 5162
4717, 5164
4719, 5166
4720, 5168
4721, 5169
4722, 5170
4723, 5171
4724, 5172
4725, 5174
4726, 5175
4727, 5176
4728, 5177
4729, 5178
4730, 5180
4731, 5181
4732, 5182
4733, 5183
4734, 5184
4735, 5185
4736, 5186
4737, 5187
4739, 5189
4740, 5190
4741, 5191
4742, 5192
4743, 5193
4744, 5195
4745, 5196
4746, 5197
4747, 5198
4748, 5200
4749, 5201
4750, 5202
4751, 5203
4752, 5204
4753, 5205
4754, 5206
4755, 5207
4756, 5208
4757, 5209
4760, 5212
4761, 5213
4762, 5214
4765, 5217
4767, 5220
4768, 5221
4769, 5222
4770, 5223
4771, 5224
4772, 5225
4774, 5227
4775, 5228
4776, 5229
4777, 5230
4778, 5231
4779, 5232
4780, 5233
4781, 5234
4782, 5235
4784, 5237
4786, 5239
4787, 3331
4788, 5242
4791, 5245
4792, 5246
4793, 5247
4794, 5248
4796, 5250
4797, 5251
4798, 5252
4799, 5253
4802, 5256
4803, 5257
4804, 5258
4805, 5259
4806, 5260
4809, 5265
4810, 5266
4811, 5267
4812, 5268
4813, 5269
4815, 5271
4816, 5272
4818, 5274
4819, 5275
4820, 5276
4821, 5277
4822, 5278
4823, 5279
4824, 5280
4825, 5281
4826, 5282
4827, 5283
4828, 5284
4829, 5285
4830, 5286
4831, 5287
4832, 5288
4833, 5289
4834, 5290
4836, 5292
4837, 5293
4839, 5295
4841, 5297
4842, 5298
4843, 5299
4844, 5300
4845, 5301
4846, 5302
4847, 5303
4848, 5304
4850, 5306
4851, 5307
4852, 5309
4853, 5310
4854, 5313
4855, 5314
4856, 5315
4857, 5316
4858, 5317
4859, 5318
4860, 5320
4861, 5321
4862, 5322
4863, 5323
4864, 5324
4866, 5326
4867, 5328
4868, 5330
4869, 5331
4870, 5333
4871, 5334
4872, 5335
4873, 5336
4875, 5338
4876, 5339
4878, 5341
4879, 5344
4880, 5345
4881, 5347
4882, 5348
4883, 5349
4884, 5352
4885, 5353
4886, 5354
4887, 5356
4888, 5357
4889, 5358
4890, 5359
4891, 5360
4892, 5361
4893, 5362
4894, 5363
4895, 5364
4896, 5365
4897, 5366
4898, 5367
4899, 5368
4900, 5369
4903, 5372
4904, 5373
4905, 5374
4906, 5375
4907, 5376
4908, 5377
4909, 5378
4910, 5379
4911, 5380
4912, 5382
4913, 5383
4914, 5384
4915, 5385
4916, 5386
4917, 5387
4918, 5388
4920, 5390
4921, 5392
4922, 5394
4923, 5395
4924, 5396
4925, 5398
4927, 5400
4928, 5401
4929, 5402
4930, 5403
4931, 5404
4932, 5405
4933, 5406
4934, 5407
4935, 5408
4936, 5409
4938, 5411
4940, 5413
4941, 5414
4942, 5415
4943, 5416
4944, 5417
4945, 5418
4946, 5419
4947, 5420
4949, 5422
4952, 5425
4953, 5426
4954, 5427
4955, 5428
4956, 5429
4957, 5430
4958, 5431
4959, 5432
4960, 5433
4961, 5434
4962, 5435
4963, 5436
4964, 5437
4966, 5439
4967, 5440
4968, 5441
4969, 5442
4970, 5443
4971, 5444
4972, 5445
4973, 5446
4974, 5447
4975, 5448
4976, 5450
4977, 5451
4978, 5452
4979, 5453
4981, 5455
4982, 5456
4983, 5457
4984, 5458
4985, 5459
4987, 5462
4988, 5463
4989, 5464
4990, 5465
4991, 5466
4992, 5467
4993, 5468
4994, 5469
4995, 5470
4996, 5471
4997, 5472
4998, 5473
4999, 5474
5000, 5475
5001, 5476
5003, 5478
5004, 5479
5005, 5480
5007, 5482
5008, 5483
5009, 5484
5010, 5485
5011, 5486
5012, 5487
5013, 5488
5014, 5489
5015, 5490
5016, 5491
5018, 5493
5019, 5494
5020, 5495
5021, 5496
5022, 5497
5023, 5499
5024, 5500
5025, 5501
5026, 5502
5027, 5503
5028, 5504
5029, 5505
5030, 5506
5033, 5509
5034, 5438
5035, 5512
5036, 5513
5037, 5514
5038, 5515
5039, 5516
5040, 5517
5041, 5518
5042, 5519
5043, 5521
5044, 5522
5045, 5523
5046, 5524
5047, 5525
5048, 5526
5049, 5528
5050, 5530
5051, 5531
5052, 5532
5053, 5533
5054, 5534
5055, 5535
5056, 5536
5057, 5537
5061, 5541
5062, 5542
5063, 5544
5064, 5545
5065, 5546
5066, 5547
5067, 5548
5068, 5550
5071, 5553
5072, 5554
5073, 5555
5074, 5556
5075, 5557
5077, 5559
5079, 5561
5080, 5562
5081, 5563
5082, 5564
5083, 5565
5084, 3153
5085, 5567
5086, 5568
5089, 5571
5090, 5572
5091, 5573
5092, 5575
5093, 5576
5094, 5577
5095, 5578
5097, 5581
5098, 5582
5099, 5583
5100, 5584
5101, 5585
5102, 5586
5103, 5587
5104, 5588
5105, 2221
5106, 5590
5107, 5591
5108, 5592
5109, 5593
5110, 5594
5111, 5595
5112, 5596
5113, 5597
5114, 5598
5115, 5599
5116, 5600
5117, 5601
5118, 5602
5119, 5603
5120, 5604
5121, 5605
5122, 5606
5123, 5607
5124, 5608
5127, 5611
5128, 5612
5129, 5613
5130, 5614
5131, 5615
5132, 5617
5133, 5618
5134, 5619
5135, 5620
5136, 5621
5137, 5622
5140, 5625
5141, 5626
5142, 5627
5143, 5628
5144, 5629
5146, 5633
5147, 5634
5148, 5635
5149, 5636
5150, 5637
5151, 5638
5152, 5639
5153, 5640
5154, 5641
5155, 5642
5156, 5643
5157, 5644
5159, 5646
5160, 5647
5162, 5650
5163, 5651
5164, 5653
5165, 5654
5166, 5655
5167, 5656
5169, 5658
5170, 5659
5171, 5660
5172, 5661
5173, 5662
5174, 5663
5175, 5664
5176, 5666
5177, 5667
5178, 5668
5179, 5670
5180, 5671
5181, 5672
5182, 5673
5183, 5674
5184, 5675
5185, 5676
5186, 5677
5187, 5678
5189, 5680
5194, 5685
5196, 5687
5197, 5688
5199, 5690
5200, 5691
5201, 5692
5202, 5693
5203, 5694
5204, 5695
5205, 5696
5206, 5697
5207, 5698
5208, 5699
5209, 5700
5210, 5701
5211, 5702
5212, 5704
5213, 5705
5214, 5706
5215, 5707
5216, 5708
5217, 5709
5218, 5710
5219, 5711
5220, 5712
5221, 5714
5222, 5715
5223, 5716
5224, 5717
5225, 5718
5226, 5720
5227, 5721
5228, 5722
5231, 5725
5232, 5726
5233, 5727
5234, 5728
5235, 5729
5236, 5730
5237, 5731
5238, 5732
5239, 5733
5240, 5734
5241, 5735
5242, 5736
5243, 5737
5245, 5739
5246, 5740
5248, 5742
5250, 5674
5251, 5745
5252, 5746
5253, 5747
5254, 5748
5255, 5749
5256, 5750
5257, 5751
5258, 5752
5259, 5753
5260, 5754
5261, 5756
5263, 5758
5264, 5759
5265, 5760
5266, 5762
5267, 5764
5268, 5765
5269, 5766
5270, 5767
5271, 5768
5272, 5770
5273, 5771
5274, 5773
5275, 5774
5276, 5775
5277, 5776
5278, 5777
5279, 5778
5280, 5780
5281, 5781
5282, 5782
5283, 5783
5284, 5784
5285, 5785
5287, 5787
5288, 5788
5289, 5789
5290, 5790
5291, 5791
5292, 5792
5293, 5793
5294, 5794
5295, 5795
5296, 5796
5297, 5797
5298, 5798
5299, 5799
5300, 5800
5301, 5801
5302, 5802
5303, 5803
5304, 5804
5305, 5805
5307, 5807
5308, 5808
5311, 5811
5312, 5812
5313, 5813
5314, 5814
5317, 5817
5319, 5820
5320, 5821
5321, 5822
5322, 5823
5323, 5824
5324, 5825
5325, 5826
5326, 5827
5327, 5828
5328, 5829
5329, 5831
5330, 5832
5331, 5835
5332, 5836
5333, 5837
5334, 5838
5335, 5839
5336, 5841
5337, 5842
5338, 5843
5339, 5844
5340, 5845
5341, 5846
5342, 5847
5343, 5848
5344, 5849
5345, 5851
5346, 5852
5347, 5853
5348, 5854
5349, 5855
5350, 5856
5351, 5857
5352, 5858
5353, 5859
5354, 5860
5355, 5861
5360, 5867
5361, 5868
5362, 5869
5363, 5870
5364, 5871
5365, 5872
5366, 5873
5367, 5874
5368, 5875
5369, 5876
5370, 5877
5371, 5878
5372, 5879
5374, 5881
5375, 5882
5376, 5883
5377, 5884
5378, 5885
5380, 5887
5381, 5888
5382, 5889
5383, 5891
5384, 5892
5385, 5893
5386, 5894
5387, 5896
5388, 5897
5389, 5898
5390, 5899
5391, 5900
5392, 5901
5393, 5902
5394, 5903
5395, 5904
5396, 5905
5397, 5906
5398, 5907
5399, 5908
5400, 5909
5401, 5910
5402, 5911
5403, 5912
5404, 5913
5405, 5914
5407, 5916
5408, 5917
5409, 5918
5410, 5919
5411, 5920
5412, 5921
5413, 5922
5414, 5924
5415, 5925
5416, 5926
5417, 5927
5418, 5928
5419, 5929
5420, 5930
5421, 5931
5422, 5932
5423, 5933
5424, 5934
5425, 5935
5427, 5937
5428, 5938
5429, 5940
5430, 5941
5431, 5942
5432, 5943
5433, 5944
5434, 5945
5435, 5946
5436, 5947
5437, 5948
5438, 5949
5439, 5950
5440, 5951
5441, 5952
5442, 5953
5444, 5955
5445, 5956
5446, 5957
5447, 5958
5448, 5960
5449, 5961
5450, 5962
5451, 5963
5452, 5964
5453, 5965
5454, 5966
5455, 5967
5456, 5968
5458, 5974
5459, 5975
5460, 5976
5461, 5977
5462, 5978
5463, 5979
5464, 5980
5465, 5982
5467, 5984
5468, 5985
5469, 5986
5470, 5987
5471, 5989
5472, 5990
5473, 5991
5474, 5992
5475, 5993
5476, 5994
5477, 5995
5478, 5997
5479, 5998
5480, 5999
5481, 6000
5482, 6001
5484, 6003
5485, 6004
5486, 6005
5487, 6006
5488, 6008
5489, 6009
5490, 6010
5491, 6011
5492, 6012
5493, 6013
5494, 6015
5495, 6016
5496, 6017
5497, 6018
5498, 6019
5499, 6020
5500, 6022
5501, 6023
5502, 6025
5503, 6026
5506, 6029
5507, 6030
5508, 6031
5509, 6032
5511, 6034
5512, 6035
5513, 6036
5514, 6037
5515, 6038
5516, 6039
5517, 6040
5518, 6041
5519, 6042
5520, 6043
5521, 6044
5522, 6046
5523, 6047
5524, 6049
5525, 6050
5526, 6051
5528, 6053
5529, 6054
5530, 6055
5531, 6056
5532, 6057
5533, 6058
5534, 6059
5535, 6060
5536, 6061
5537, 6062
5538, 6063
5539, 6064
5540, 6065
5541, 6066
5542, 6067
5544, 6069
5545, 6071
5546, 6072
5547, 6073
5549, 6076
5550, 6077
5551, 6078
5552, 6079
5553, 6080
5554, 6081
5555, 6082
5556, 6083
5557, 6084
5558, 6086
5559, 6087
5560, 6088
5561, 6089
5563, 6091
5564, 6092
5565, 6093
5566, 6094
5567, 6095
5568, 6097
5569, 6098
5570, 6099
5571, 6100
5572, 6101
5573, 6102
5574, 6103
5575, 6104
5576, 6105
5577, 6106
5578, 6107
5579, 6108
5580, 6109
5581, 6110
5582, 6111
5583, 6112
5584, 6113
5585, 6114
5586, 6115
5587, 6116
5588, 6117
5589, 6118
5590, 6119
5591, 6120
5592, 6121
5593, 6122
5594, 6123
5595, 6124
5596, 6125
5597, 6126
5598, 6127
5599, 6128
5600, 6129
5601, 6130
5602, 6131
5603, 6132
5604, 6133
5605, 6134
5606, 6135
5607, 6136
5608, 6138
5609, 7607
5610, 6140
5611, 6142
5612, 6143
5613, 6144
5614, 6145
5615, 6146
5616, 6147
5617, 6148
5618, 6149
5619, 6150
5620, 6151
5621, 3294
5622, 6153
5623, 6154
5624, 6155
5625, 3036
5626, 6158
5627, 6159
5628, 6160
5629, 6161
5630, 6162
5631, 6163
5632, 6164
5633, 6165
5634, 6166
5635, 6167
5636, 6168
5637, 6169
5638, 6170
5639, 6172
5640, 6173
5641, 6174
5642, 6175
5643, 6176
5644, 6177
5645, 6178
5646, 6179
5647, 6180
5648, 6181
5649, 6182
5650, 6183
5651, 6184
5652, 6185
5653, 6186
5654, 6187
5655, 6188
5656, 6189
5657, 6190
5658, 6191
5659, 6192
5660, 6193
5661, 6194
5662, 6195
5663, 6196
5664, 6197
5665, 6198
5666, 6199
5667, 6200
5668, 6202
5669, 6203
5670, 6204
5671, 6206
5672, 6207
5673, 6208
5674, 6209
5675, 6210
5677, 6212
5678, 6214
5679, 6215
5680, 6216
5681, 6217
5682, 6218
5683, 6219
5684, 6220
5685, 6221
5686, 6222
5687, 6223
5688, 6224
5690, 6226
5691, 6227
5693, 6229
5694, 6230
5695, 6231
5696, 6232
5697, 6233
5698, 6234
5699, 6235
5700, 6236
5701, 6237
5702, 6238
5703, 6239
5704, 6240
5705, 6241
5706, 6242
5707, 6243
5708, 6246
5709, 6247
5711, 6249
5713, 6251
5714, 6252
5715, 6253
5716, 6254
5717, 6255
5718, 6256
5722, 6260
5723, 6262
5724, 6263
5725, 6264
5726, 6265
5727, 6266
5728, 6267
5729, 6268
5730, 6269
5731, 6270
5734, 6273
5736, 6275
5737, 6276
5738, 6277
5739, 6278
5740, 6279
5741, 6280
5745, 6284
5746, 6285
5747, 6286
5748, 6287
5749, 6288
5750, 6289
5751, 6291
5752, 6292
5753, 6293
5754, 6294
5755, 6295
5756, 6296
5758, 6298
5759, 6299
5760, 6300
5761, 6301
5762, 6302
5763, 6303
5764, 6304
5766, 6307
5767, 6308
5768, 6309
5769, 6310
5770, 6311
5771, 6312
5772, 6313
5773, 6314
5774, 6315
5775, 6316
5776, 6317
5777, 6319
5778, 6320
5779, 6321
5780, 6322
5781, 6323
5782, 6324
5785, 6328
5786, 6329
5787, 6330
5788, 6331
5789, 6332
5791, 6335
5792, 6336
5793, 6337
5794, 6338
5795, 6339
5798, 6343
5799, 6344
5801, 6346
5802, 6347
5803, 6349
5804, 6350
5805, 6351
5806, 6352
5808, 6354
5809, 6355
5810, 6356
5811, 6357
5814, 6361
5815, 6362
5816, 6363
5817, 6364
5818, 6365
5819, 6366
5820, 6367
5821, 6368
5822, 6369
5823, 6370
5824, 6371
5825, 6372
5826, 6374
5827, 6375
5828, 6376
5829, 6377
5830, 6378
5831, 6379
5832, 6380
5833, 6381
5834, 6382
5835, 6383
5836, 6384
5837, 6385
5838, 6386
5839, 6387
5840, 6388
5841, 6389
5842, 6390
5843, 6391
5844, 6392
5845, 6393
5846, 6394
5847, 6395
5848, 6396
5849, 6397
5850, 6398
5851, 6399
5852, 6401
5853, 6402
5854, 6403
5855, 6404
5856, 6405
5857, 6406
5858, 6407
5859, 6408
5860, 6409
5861, 6410
5862, 6411
5863, 6412
5865, 6414
5866, 6416
5867, 6417
5868, 6418
5869, 6419
5870, 6420
5871, 6421
5872, 6422
5873, 6424
5874, 6425
5875, 6426
5876, 6427
5877, 6428
5878, 6429
5879, 6430
5880, 6431
5881, 6432
5883, 6434
5884, 6435
5885, 6436
5886, 6437
5887, 6438
5888, 6439
5889, 6440
5890, 6441
5891, 6442
5892, 6443
5893, 6444
5895, 6446
5896, 6447
5897, 6448
5901, 6452
5903, 6455
5905, 6457
5906, 6458
5908, 6460
5909, 6461
5910, 6462
5912, 6464
5913, 6465
5914, 6466
5915, 6467
5916, 6468
5917, 6469
5919, 6471
5920, 6473
5921, 6474
5922, 6475
5923, 6476
5924, 6477
5926, 6480
5927, 6481
5928, 6482
5929, 6483
5931, 6485
5932, 6486
5933, 6487
5934, 6489
5935, 6490
5937, 6492
5938, 6493
5939, 6494
5940, 6495
5941, 6496
5942, 6497
5943, 6499
5944, 6500
5945, 6501
5946, 6502
5947, 6503
5948, 6504
5949, 6505
5950, 6506
5951, 6507
5952, 6508
5953, 6509
5954, 6510
5955, 6511
5956, 6512
5957, 6513
5958, 6514
5959, 6515
5960, 6517
5961, 6518
5962, 6519
5963, 6521
5964, 6522
5965, 6523
5966, 6524
5967, 6525
5968, 6526
5969, 6527
5970, 6528
5971, 6529
5972, 6530
5973, 6531
5974, 6532
5975, 6533
5976, 6534
5977, 6535
5978, 6536
5979, 6537
5980, 6538
5981, 6539
5982, 6540
5983, 6541
5984, 6542
5985, 6543
5986, 6544
5987, 6546
5988, 6547
5989, 6548
5990, 6549
5991, 6550
5992, 6551
5993, 6552
5994, 6553
5995, 6554
5996, 6555
5997, 6556
5999, 6558
6000, 6559
6001, 6561
6002, 6562
6003, 6563
6004, 6564
6005, 6565
6006, 6566
6007, 6567
6008, 6568
6009, 6569
6010, 6570
6011, 6571
6012, 6572
6013, 6573
6014, 6574
6015, 6575
6016, 7175
6017, 6577
6018, 6578
6019, 6579
6020, 6580
6021, 6581
6022, 6582
6024, 6584
6025, 6585
6026, 6586
6027, 6587
6028, 6588
6029, 6589
6030, 6590
6031, 6591
6032, 6592
6033, 6593
6034, 6594
6035, 6595
6036, 6596
6037, 6597
6038, 6598
6039, 6599
6040, 6600
6041, 6601
6042, 6602
6043, 6603
6045, 6605
6046, 6606
6047, 6607
6048, 6608
6049, 6609
6050, 6610
6051, 6611
6052, 6612
6053, 6613
6054, 6614
6055, 6616
6056, 6617
6057, 6618
6058, 6619
6059, 6621
6060, 6622
6061, 6623
6062, 6624
6063, 6625
6064, 6626
6065, 6627
6066, 6628
6067, 6629
6068, 6630
6071, 6635
6072, 6637
6073, 6638
6074, 6639
6075, 6640
6076, 6641
6077, 6642
6078, 6643
6079, 6644
6080, 6645
6081, 6646
6082, 6647
6083, 2796
6084, 6649
6085, 6650
6086, 6651
6087, 6652
6088, 6653
6089, 6655
6090, 6656
6091, 6657
6092, 6658
6093, 6659
6094, 6660
6095, 6661
6096, 6662
6098, 6666
6099, 6667
6100, 6668
6101, 6669
6102, 6670
6103, 6672
6104, 6673
6106, 6675
6107, 6676
6109, 6678
6110, 6679
6111, 6681
6112, 6682
6113, 6683
6114, 6684
6115, 6685
6120, 6690
6121, 6691
6122, 6692
6123, 6694
6124, 6695
6125, 6697
6126, 6698
6127, 6699
6128, 6700
6129, 6701
6130, 6702
6131, 6703
6132, 6704
6133, 6705
6134, 6706
6135, 6707
6136, 6708
6137, 6709
6138, 6710
6139, 6711
6140, 6712
6141, 6713
6142, 6714
6143, 6715
6144, 6716
6145, 6717
6146, 6718
6147, 6719
6148, 6720
6149, 6721
6150, 6722
6151, 6723
6152, 6724
6153, 6725
6154, 6726
6155, 6727
6156, 6728
6158, 6730
6160, 6732
6161, 6733
6162, 6735
6163, 6736
6164, 6737
6165, 6738
6166, 6739
6167, 6740
6168, 6742
6169, 6743
6170, 6744
6171, 6745
6172, 6746
6173, 6747
6174, 6748
6175, 6749
6176, 6750
6177, 6751
6178, 6752
6179, 6753
6180, 6754
6181, 6755
6182, 6756
6183, 4591
6184, 6759
6185, 6760
6186, 6761
6187, 6762
6188, 6763
6189, 6764
6191, 6766
6192, 6767
6193, 6768
6194, 6770
6196, 6772
6197, 6773
6198, 6775
6199, 6776
6200, 6777
6201, 6778
6202, 6779
6203, 6780
6204, 6781
6205, 6782
6207, 6784
6208, 6786
6210, 6788
6212, 6791
6213, 6792
6214, 6793
6215, 6794
6218, 6797
6219, 6798
6220, 6799
6221, 6800
6222, 6801
6223, 6802
6224, 6803
6225, 6805
6226, 6806
6227, 6808
6228, 6809
6229, 6810
6230, 6811
6231, 6814
6232, 6815
6233, 6816
6234, 6817
6235, 6818
6236, 6819
6237, 6820
6238, 6821
6239, 6822
6240, 6823
6241, 6824
6242, 2747
6243, 6826
6244, 6827
6245, 6828
6247, 6830
6248, 6831
6249, 6832
6250, 6833
6251, 6834
6252, 6835
6253, 6836
6254, 6837
6256, 6839
6257, 6840
6258, 6841
6259, 6842
6260, 6843
6261, 6844
6264, 6847
6267, 6850
6268, 6851
6269, 6852
6270, 6854
6271, 6855
6272, 6856
6273, 6857
6274, 6858
6275, 6860
6276, 6861
6277, 6862
6278, 6863
6279, 6864
6280, 6865
6281, 6866
6282, 6867
6283, 6868
6285, 6870
6286, 6871
6287, 6872
6289, 6874
6290, 6875
6291, 6876
6292, 6877
6293, 6878
6294, 6879
6295, 6881
6297, 6883
6298, 6884
6299, 6885
6300, 6886
6301, 6887
6302, 6888
6303, 6889
6304, 6890
6305, 6891
6306, 6892
6308, 6894
6309, 6895
6310, 6896
6311, 6897
6312, 6898
6313, 6899
6314, 6901
6315, 6902
6316, 6903
6317, 6904
6319, 6907
6320, 6908
6321, 6909
6322, 6911
6323, 6912
6324, 6913
6325, 6914
6326, 6916
6327, 6917
6328, 6918
6329, 6919
6330, 6921
6331, 6922
6332, 6923
6333, 6924
6334, 6925
6335, 6926
6336, 6927
6338, 6929
6339, 6930
6340, 6931
6342, 6933
6345, 6936
6346, 6937
6347, 6938
6348, 6939
6349, 6940
6350, 6941
6351, 6942
6352, 6943
6353, 6944
6354, 6945
6355, 6946
6356, 6947
6357, 6948
6358, 6949
6359, 6951
6360, 6952
6361, 6953
6362, 6954
6363, 6955
6364, 6956
6365, 6957
6366, 6958
6367, 6959
6368, 6960
6370, 6962
6372, 6964
6373, 6965
6374, 6966
6375, 6967
6376, 6968
6378, 6970
6379, 7587
6381, 6973
6382, 6974
6383, 6975
6384, 6976
6385, 6977
6386, 6978
6388, 6982
6389, 6983
6390, 6984
6391, 6985
6392, 6986
6393, 6987
6394, 6988
6395, 6989
6396, 6990
6397, 6992
6400, 6997
6401, 6998
6402, 6999
6403, 7000
6404, 7001
6406, 7003
6407, 7004
6408, 7005
6409, 7006
6410, 7007
6411, 7008
6412, 7009
6413, 7010
6417, 7015
6418, 7016
6419, 7017
6420, 7018
6421, 7019
6422, 7020
6423, 7021
6424, 7023
6425, 7024
6426, 7025
6428, 7027
6429, 7028
6430, 7029
6431, 7030
6432, 7031
6433, 7032
6434, 7033
6435, 7034
6436, 7036
6437, 7037
6438, 7038
6439, 7039
6442, 7042
6443, 7043
6444, 7045
6445, 7046
6446, 7047
6447, 7048
6449, 7050
6451, 7052
6452, 7053
6453, 7054
6454, 7055
6455, 7056
6456, 7057
6457, 7058
6459, 7060
6460, 7061
6461, 7062
6462, 7063
6463, 7064
6465, 7066
6466, 7067
6467, 7068
6468, 7069
6469, 7070
6470, 7071
6471, 7072
6472, 7073
6473, 7074
6474, 7075
6475, 7076
6476, 7077
6477, 7078
6478, 7079
6479, 7080
6480, 7081
6481, 7082
6482, 7083
6483, 7084
6484, 7085
6485, 7086
6486, 2788
6487, 7089
6488, 7091
6489, 7092
6490, 7093
6491, 7094
6492, 7095
6493, 7096
6496, 7099
6497, 7100
6498, 7101
6499, 7103
6500, 7104
6501, 7105
6502, 7106
6503, 7107
6504, 7108
6505, 7109
6506, 7110
6507, 7111
6508, 7112
6509, 7113
6510, 7114
6511, 7116
6512, 7118
6513, 7120
6514, 7121
6515, 4418
6516, 7124
6517, 7125
6519, 7127
6521, 7130
6522, 7131
6523, 7132
6524, 7133
6525, 7134
6528, 7137
6529, 7139
6530, 7140
6532, 7142
6533, 7144
6534, 7145
6535, 7146
6536, 7147
6538, 7150
6539, 7151
6540, 7154
6541, 7155
6542, 7156
6543, 7157
6545, 7159
6546, 7160
6547, 7161
6548, 7162
6549, 7163
6550, 7164
6551, 7165
6552, 7166
6553, 7167
6554, 7168
6556, 7170
6557, 7173
6558, 7174
6559, 7175
6560, 7176
6561, 7177
6562, 7178
6563, 7181
6565, 7183
6566, 7184
6567, 7185
6568, 7186
6569, 7187
6570, 7188
6571, 7189
6572, 7190
6573, 7191
6574, 7192
6575, 7193
6576, 7194
6577, 7195
6578, 7196
6579, 7197
6580, 7198
6581, 7199
6582, 7200
6583, 7201
6584, 7202
6585, 7203
6586, 7204
6587, 7206
6588, 7207
6589, 7208
6590, 7209
6591, 7210
6592, 7211
6593, 7212
6594, 7214
6595, 7215
6596, 7216
6597, 7217
6598, 7218
6599, 7219
6600, 7220
6601, 7221
6602, 7222
6603, 7223
6604, 7224
6605, 7225
6606, 7226
6608, 7228
6609, 7229
6610, 7230
6611, 7231
6612, 7232
6613, 7233
6615, 7235
6616, 7237
6617, 7238
6618, 7239
6619, 7240
6620, 7241
6621, 7242
6622, 7243
6623, 7244
6624, 7245
6625, 7246
6626, 7247
6627, 7248
6628, 7249
6629, 7250
6630, 7251
6631, 7253
6632, 7254
6633, 7255
6635, 7258
6636, 7259
6637, 7260
6638, 7261
6639, 7262
6640, 7263
6641, 7264
6642, 7265
6643, 7266
6647, 7270
6650, 7274
6652, 7276
6653, 7277
6654, 7278
6655, 7279
6657, 7282
6658, 7283
6659, 7284
6660, 7285
6661, 7287
6662, 7288
6666, 7292
6667, 7293
6668, 7294
6669, 7295
6670, 7296
6672, 7298
6673, 7299
6674, 7300
6675, 7301
6676, 7302
6677, 7303
6678, 7304
6679, 7305
6680, 7306
6681, 7307
6682, 7308
6690, 7316
6691, 7317
6692, 7319
6693, 7320
6694, 7321
6695, 7322
6697, 7324
6698, 7325
6699, 7327
6700, 7328
6701, 7329
6702, 7330
6703, 7331
6704, 7332
6705, 7333
6706, 7334
6707, 7335
6708, 7336
6709, 7337
6710, 7338
6711, 7339
6712, 7340
6713, 7341
6714, 7342
6715, 7343
6716, 7344
6718, 7346
6719, 7347
6720, 7348
6721, 7349
6722, 7350
6723, 7351
6724, 7352
6725, 7353
6726, 7354
6727, 7355
6728, 7356
6729, 7357
6730, 7358
6731, 7359
6732, 7360
6733, 7361
6734, 7362
6735, 7363
6736, 7364
6737, 7365
6738, 7366
6739, 7368
6740, 7369
6741, 7370
6742, 7372
6743, 7373
6744, 7374
6745, 7375
6746, 7376
6747, 7377
6748, 7378
6749, 7379
6750, 7380
6751, 7381
6752, 7382
6753, 7383
6754, 7384
6755, 7385
6756, 7386
6757, 7387
6758, 7388
6759, 7389
6760, 7390
6761, 7391
6762, 7392
6763, 7393
6764, 7394
6766, 7396
6767, 7397
6768, 7398
6772, 7402
6773, 7403
6774, 7405
6775, 7406
6777, 7408
6778, 7409
6779, 7410
6780, 7411
6781, 7412
6782, 7413
6784, 7415
6785, 7416
6786, 7417
6787, 7418
6788, 7419
6789, 7420
6790, 7421
6791, 7422
6792, 7423
6793, 7424
6794, 7425
6795, 7426
6796, 7428
6797, 7429
6798, 7430
6799, 7431
6800, 7432
6801, 7433
6802, 7434
6803, 7435
6804, 7437
6805, 7438
6807, 7441
6808, 7442
6809, 7443
6810, 7444
6811, 7445
6812, 7446
6814, 7449
6815, 7450
6816, 7451
6817, 7452
6818, 7454
6819, 7455
6820, 7456
6822, 7458
6823, 7459
6824, 7460
6825, 7461
6826, 7462
6827, 7464
6830, 7467
6831, 7468
6833, 7470
6834, 7471
6835, 7472
6836, 7473
6838, 7476
6839, 7477
6840, 7478
6841, 7479
6842, 7480
6843, 7481
6844, 7482
6845, 7483
6846, 7484
6847, 7485
6848, 7486
6849, 7487
6850, 7488
6851, 7489
6852, 7490
6854, 7492
6855, 7493
6856, 7494
6857, 7495
6861, 7499
6862, 7500
6863, 7501
6864, 7503
6866, 7505
6868, 7507
6869, 7508
6870, 7509
6872, 7511
6873, 7512
6874, 7513
6875, 7514
6876, 7516
6877, 7517
6878, 7520
6879, 7521
6880, 7522
6881, 7523
6882, 7524
6885, 7527
6886, 7529
6887, 7531
6888, 7532
6889, 7533
6890, 7534
6891, 7535
6892, 7536
6893, 7537
6894, 7538
6895, 7539
6896, 7540
6897, 7541
6898, 7542
6899, 7543
6900, 7544
6901, 7545
6902, 7546
6903, 7547
6904, 7548
6905, 7549
6906, 7550
6907, 7551
6908, 7552
6909, 7553
6910, 7554
6911, 7555
6912, 7556
6913, 7557
6914, 7558
6915, 7559
6916, 7560
6917, 7561
6918, 7562
6919, 7563
6920, 7564
6921, 7565
6922, 7566
6923, 7567
6924, 7568
6925, 7569
6926, 7570
6927, 4748
6928, 7573
6929, 7574
6930, 7575
6931, 7576
6932, 7577
6933, 7578
6934, 7579
6935, 7580
6936, 7582
6937, 7583
6938, 7584
6939, 7585
6940, 7586
6941, 7587
6943, 7589
6944, 7590
6945, 7591
6946, 7592
6947, 7593
6948, 7594
6949, 7595
6950, 7596
6951, 7597
6952, 7598
6953, 7599
6954, 7600
6955, 7602
6956, 7603
6957, 7604
6958, 7605
6959, 7606
6960, 7607
6961, 7609
6962, 7610
6963, 7611
6964, 7612
6965, 7613
6966, 7614
6968, 7616
6969, 7617
6970, 7618
6971, 7619
6972, 7620
6973, 7621
6974, 7622
6975, 7623
6976, 7624
6977, 7625
6978, 7626
6979, 7627
6980, 7628
6981, 7629
6982, 7630
6983, 7631
6984, 7633
6985, 7634
6986, 7635
6987, 7637
6988, 7638
6989, 7639
6990, 7640
6991, 7641
6992, 7642
6993, 7643
6994, 7644
6996, 7646
6997, 7647
6998, 7648
6999, 7649
7000, 7650
7001, 7651
7002, 7652
7004, 7654
7005, 7655
7006, 7656
7007, 7657
7008, 7658
