id,hadith_no
3, 4
20, 28
21, 29
27, 35
33, 41
43, 51
46, 54
3, 62
43, 102
65, 124
12, 147
16, 151
25, 160
39, 174
53, 188
86, 221
112, 246
9, 305
14, 310
15, 311
25, 321
33, 329
6, 340
8, 342
12, 346
6, 355
32, 381
40, 389
41, 390
43, 392
50, 400
53, 402
60, 411
61, 412
62, 413
64, 415
66, 417
69, 420
70, 421
71, 422
75, 426
79, 430
80, 431
85, 437
95, 447
112, 465
125, 479
129, 484
130, 485
131, 486
132, 487
133, 488
134, 489
135, 490
136, 491
137, 492
32, 556
34, 558
50, 575
55, 580
57, 581
68, 593
69, 594
23, 627
45, 649
59, 666
60, 667
67, 674
68, 675
84, 690
91, 697
98, 704
106, 712
108, 714
109, 715
110, 716
114, 721
119, 726
125, 732
126, 733
127, 734
151, 758
163, 770
168, 774
171, 777
173, 779
175, 781
188, 794
202, 808
204, 810
205, 811
207, 813
209, 815
210, 816
216, 823
229, 837
236, 845
237, 846
238, 847
239, 848
247, 857
248, 858
249, 859
250, 860
251, 861
252, 862
253, 863
254, 864
260, 870
261, 871
263, 873
264, 874
265, 875
9, 885
10, 886
12, 888
13, 889
14, 890
18, 894
19, 895
21, 898
22, 899
31, 908
33, 910
34, 911
36, 913
38, 915
43, 920
44, 921
45, 922
46, 923
48, 925
52, 929
56, 933
60, 937
62, 939
63, 940
64, 941
2, 951
3, 952
5, 954
8, 957
9, 961
11, 963
16, 968
21, 973
30, 982
31, 983
32, 984
35, 988
36, 989
1, 991
3, 993
4, 994
7, 997
8, 998
13, 1003
8, 1014
9, 1015
10, 1016
11, 1017
12, 1018
13, 1019
15, 1021
17, 1023
20, 1026
23, 1029
24, 1030
28, 1034
30, 1036
31, 1037
14, 1056
15, 1057
18, 1060
19, 1061
20, 1062
21, 1063
1, 1068
3, 1070
6, 1073
7, 1074
16, 1097
17, 1098
23, 1104
25, 1106
26, 1107
27, 1108
31, 1112
33, 1114
35, 1116
37, 1118
12, 1132
40, 1162
51, 1174
57, 1180
0, 1188
1, 1189
7, 1196
2, 1199
5, 1202
6, 1203
7, 1204
9, 1206
12, 1209
17, 1214
19, 1216
1, 1225
5, 1228
9, 1232
6, 1243
8, 1245
9, 1246
19, 1257
25, 1264
30, 1269
31, 1270
33, 1272
53, 1296
59, 1302
66, 1309
73, 1317
77, 1321
78, 1322
81, 1326
85, 1331
87, 1333
94, 1340
95, 1341
99, 1345
111, 1359
117, 1366
131, 1380
147, 1394
13, 1429
29, 1446
38, 1457
42, 1461
44, 1463
47, 1466
51, 1470
53, 1472
54, 1473
55, 1474
56, 1475
57, 1476
61, 1481
66, 1486
67, 1487
85, 1508
88, 1511
89, 1512
99, 1523
105, 1529
106, 1530
110, 1534
111, 1535
113, 1537
1, 1538
2, 1539
4, 1541
7, 1544
14, 1551
15, 1552
16, 1553
17, 1554
18, 1555
24, 1561
28, 1566
30, 1568
39, 1578
40, 1579
43, 1582
55, 1594
56, 1595
58, 1597
60, 1599
61, 1600
63, 1602
66, 1605
67, 1606
73, 1612
92, 1632
94, 1634
95, 1635
96, 1636
98, 1638
101, 1641
102, 1642
106, 1646
109, 1650
111, 1652
113, 1654
115, 1657
116, 1658
117, 1659
119, 1661
121, 1663
123, 1665
137, 1682
139, 1684
142, 1687
143, 1688
144, 1689
149, 1694
152, 1698
171, 1717
174, 1720
175, 1721
176, 1722
179, 1725
181, 1727
182, 1728
185, 1732
186, 1733
190, 1737
196, 1744
199, 1747
203, 1752
204, 1753
207, 1756
212, 1761
213, 1762
216, 1765
221, 1770
222, 1771
223, 1772
227, 1776
230, 1779
231, 1780
239, 1790
240, 1791
245, 1796
3, 1802
8, 1808
11, 1811
23, 1825
24, 1826
25, 1827
26, 1828
27, 1829
29, 1831
32, 1834
3, 1837
6, 1841
12, 1849
15, 1851
6, 1857
7, 1858
8, 1859
17, 1868
21, 1872
22, 1873
23, 1874
24, 1875
25, 1876
28, 1879
29, 1880
30, 1881
31, 1882
33, 1884
6, 1905
7, 1906
20, 1919
0, 1891
1, 1892
2, 1893
4, 1895
11, 1902
18, 1909
30, 1922
36, 1929
37, 1930
38, 1931
40, 1934
45, 1939
55, 1949
57, 1951
68, 1963
75, 1970
83, 1978
100, 1996
105, 2002
5, 2019
6, 2032
8, 2034
11, 2037
16, 2042
19, 2045
20, 2046
5, 2052
6, 2053
7, 2054
11, 2058
16, 2064
26, 2074
34, 2082
35, 2083
36, 2084
37, 2085
43, 2091
44, 2092
45, 2093
46, 2094
47, 2095
48, 2096
49, 2097
50, 2098
54, 2102
55, 2103
56, 2104
57, 2105
61, 2109
64, 2112
67, 2115
73, 2121
76, 2126
80, 2130
87, 2137
88, 2138
91, 2141
94, 2144
95, 2145
96, 2146
97, 2147
102, 2152
103, 2154
104, 2155
105, 2156
110, 2161
116, 2167
117, 2168
118, 2169
119, 2170
120, 2171
121, 2173
123, 2175
128, 2182
138, 2193
143, 2198
145, 2200
149, 2205
150, 2206
153, 2209
157, 2213
158, 2214
159, 2214
160, 2215
161, 2216
167, 2222
171, 2226
174, 2229
176, 2231
178, 2234
179, 2235
181, 2237
182, 2238
1, 2239
2, 2240
3, 2240
4, 2241
7, 2245
10, 2250
11, 2251
12, 2252
14, 2255
15, 2256
0, 2260
4, 2264
6, 2267
9, 2270
10, 2271
11, 2272
13, 2274
14, 2275
16, 2277
17, 2278
18, 2279
21, 2282
22, 2283
24, 2286
1, 2288
0, 2290
1, 2291
2, 2292
3, 2293
5, 2295
8, 2298
0, 2299
5, 2305
6, 2306
7, 2308
9, 2310
10, 2311
13, 2315
15, 2317
17, 2319
4, 2324
9, 2329
12, 2332
14, 2334
17, 2337
0, 2351
3, 2354
11, 2364
12, 2365
20, 2373
24, 2377
19, 2404
4, 2430
7, 2433
12, 2437
13, 2438
7, 2447
8, 2448
10, 2450
11, 2451
14, 2454
18, 2458
19, 2459
31, 2471
36, 2476
4, 2487
7, 2490
9, 2492
16, 2500
18, 2503
19, 2504
21, 2507
5, 2513
7, 2523
10, 2526
29, 2546
30, 2547
0, 2560
17, 2583
20, 2587
21, 2588
22, 2589
27, 2594
29, 2596
30, 2597
40, 2607
43, 2611
63, 2632
64, 2633
66, 2635
7, 2644
8, 2645
9, 2646
29, 2666
32, 2671
33, 2672
34, 2673
37, 2676
4, 2694
9, 2700
1, 2713
3, 2715
5, 2717
8, 2720
9, 2721
12, 2724
13, 2726
15, 2728
16, 2729
19, 2733
20, 2734
22, 2736
23, 2737
7, 2745
11, 2749
16, 2754
17, 2755
20, 2758
21, 2759
24, 2762
25, 2763
28, 2766
29, 2767
30, 2768
35, 2773
37, 2775
40, 2778
41, 2779
33, 2819
44, 2830
45, 2831
46, 2832
47, 2833
49, 2835
50, 2836
51, 2837
62, 2848
66, 2852
78, 2864
83, 2869
84, 2870
90, 2876
92, 2879
96, 2883
97, 2884
99, 2886
121, 2910
122, 2911
124, 2913
129, 2918
130, 2919
131, 2920
132, 2921
133, 2922
134, 2923
137, 2926
148, 2937
154, 2944
155, 2945
157, 2947
158, 2948
159, 2949
160, 2950
161, 2951
163, 2953
164, 2954
175, 2968
176, 2969
191, 2984
192, 2985
193, 2986
194, 2987
200, 2993
201, 2994
209, 3002
216, 3009
220, 3013
221, 3014
229, 3022
230, 3023
231, 3025
232, 3026
233, 3027
234, 3029
235, 3030
236, 3031
238, 3033
241, 3037
253, 3049
258, 3054
260, 3057
264, 3060
266, 3062
271, 3067
273, 3069
279, 3075
289, 3086
290, 3087
291, 3088
293, 3090
4, 3096
20, 3112
54, 3147
5, 3163
6, 3164
13, 3172
15, 3174
21, 3180
23, 3182
2, 3192
35, 3225
49, 3239
66, 3257
82, 3274
96, 3288
104, 3296
106, 3299
116, 3309
118, 3312
119, 3314
120, 3315
10, 3336
16, 3342
17, 3343
31, 3352
36, 3357
72, 3400
73, 3401
78, 3406
84, 3412
85, 3413
86, 3415
87, 3416
90, 3419
91, 3420
93, 3422
99, 3429
103, 3433
112, 3443
150, 3484
153, 3488
12, 3543
15, 3546
16, 3547
31, 3562
35, 3566
36, 3567
38, 3569
43, 3575
51, 3583
56, 3588
71, 3603
77, 3610
81, 3614
82, 3615
83, 3616
102, 3638
114, 3651
129, 3668
130, 3670
138, 3678
139, 3679
140, 3680
141, 3681
8, 3700
19, 3713
36, 3733
37, 3734
58, 3757
64, 3765
71, 3772
77, 3778
78, 3779
80, 3781
84, 3785
100, 3801
101, 3802
102, 3803
104, 3805
105, 3807
109, 3811
5, 3827
7, 3829
8, 3830
14, 3836
20, 3842
21, 3843
31, 3853
32, 3854
33, 3855
45, 3868
3873, 3873
53, 3876
3888, 3888
72, 3895
82, 3905
83, 3906
96, 3919
128, 3951
137, 3961
3966, 3966
3968, 3968
3988, 3988
6, 4003
9, 4006
10, 4007
15, 4012
16, 4013
23, 4020
26, 4023
31, 4029
40, 4039
4041, 4041
44, 4043
61, 4060
4073, 4073
104, 4107
106, 4109
4117, 4117
4119, 4119
117, 4120
122, 4125
129, 4133
130, 4134
134, 4138
140, 4145
144, 4149
151, 4156
155, 4160
168, 4173
4175, 4175
4176, 4176
4177, 4177
4180, 4180
177, 4182
178, 4183
180, 4185
182, 4187
4188, 4188
4189, 4189
185, 4190
186, 4191
187, 4192
4198, 4198
199, 4204
4208, 4208
228, 4233
229, 4234
4236, 4236
234, 4239
245, 4250
4253, 4253
261, 4266
262, 4267
267, 4272
4278, 4278
279, 4284
4291, 4291
287, 4293
296, 4303
4304, 4304
306, 4313
4316, 4316
4323, 4323
318, 4325
4334, 4334
328, 4336
329, 4337
334, 4342
335, 4343
336, 4344
4345, 4345
4351, 4351
4353, 4353
4355, 4355
348, 4356
353, 4361
357, 4365
362, 4370
371, 4379
4388, 4388
387, 4395
389, 4397
404, 4412
413, 4424
4432, 4432
423, 4434
459, 4471
4472, 4472
465, 4477
467, 4480
468, 4481
471, 4484
481, 4494
489, 4504
493, 4508
494, 4509
496, 4511
497, 4512
4524, 4524
18, 4532
20, 4534
21, 4535
31, 4545
37, 4551
38, 4552
44, 4560
45, 4561
48, 4564
49, 4565
50, 4566
58, 4576
59, 4577
63, 4581
66, 4584
72, 4590
74, 4593
78, 4597
87, 4606
88, 4607
92, 4611
93, 4612
94, 4613
95, 4614
96, 4615
109, 4628
110, 4629
132, 4651
141, 4660
144, 4663
4667, 4667
149, 4668
150, 4669
151, 4670
152, 4671
155, 4674
156, 4675
158, 4677
4678, 4678
160, 4679
161, 4680
162, 4681
163, 4682
169, 4688
172, 4691
4693, 4693
176, 4695
181, 4700
4707, 4707
200, 4719
203, 4722
209, 4728
215, 4734
216, 4735
217, 4736
218, 4737
223, 4742
227, 4746
236, 4755
238, 4757
240, 4759
243, 4762
253, 4772
255, 4774
262, 4781
263, 4782
274, 4793
280, 4799
282, 4801
285, 4804
4805, 4805
296, 4815
304, 4823
314, 4833
323, 4842
327, 4846
328, 4847
331, 4850
338, 4857
347, 4866
350, 4869
352, 4871
353, 4872
355, 4874
360, 4880
361, 4881
4891, 4891
394, 4914
399, 4919
400, 4920
401, 4921
402, 4922
403, 4923
412, 4933
415, 4936
416, 4937
426, 4947
435, 4956
437, 4958
447, 4968
453, 4974
454, 4975
456, 4977
458, 4979
459, 4980
465, 4986
472, 4993
475, 4996
476, 4997
477, 4998
478, 4999
479, 5000
5004, 5004
5006, 5006
486, 5007
491, 5012
493, 5014
494, 5015
499, 5020
500, 5021
504, 5025
5039, 5039
5059, 5059
5060, 5060
31, 5061
35, 5065
36, 5066
39, 5069
40, 5070
44, 5074
52, 5082
55, 5085
57, 5087
59, 5089
61, 5091
71, 5101
73, 5103
74, 5104
75, 5105
80, 5110
81, 5111
3, 5121
5124, 5124
8, 5126
9, 5127
10, 5128
12, 5130
13, 5131
24, 5142
25, 5143
30, 5148
31, 5149
32, 5150
33, 5151
35, 5153
36, 5154
5161, 5161
45, 5163
47, 5165
5167, 5167
55, 5173
5179, 5179
70, 5188
76, 5194
91, 5210
92, 5211
96, 5215
97, 5216
99, 5218
100, 5219
107, 5226
117, 5236
119, 5238
121, 5240
123, 5243
124, 5244
129, 5249
134, 5254
135, 5255
141, 5261
142, 5262
143, 5263
5264, 5264
150, 5270
153, 5273
171, 5291
174, 5294
176, 5296
185, 5305
2, 5308
5311, 5311
6, 5312
5319, 5319
19, 5325
5327, 5327
23, 5329
26, 5332
31, 5337
34, 5340
36, 5342
5343, 5343
40, 5346
5350, 5350
45, 5351
49, 5355
64, 5370
65, 5371
5381, 5381
5389, 5389
5391, 5391
87, 5393
5397, 5397
93, 5399
5, 5410
7, 5412
16, 5421
18, 5423
19, 5424
22, 5449
27, 5454
33, 5460
34, 5461
50, 5477
54, 5481
65, 5492
5498, 5498
80, 5507
81, 5508
5510, 5510
84, 5511
93, 5520
4, 5527
5, 5538
6, 5539
7, 5540
5543, 5543
16, 5549
18, 5551
19, 5552
25, 5558
27, 5560
33, 5566
36, 5569
37, 5570
41, 5574
46, 5579
47, 5580
56, 5589
6, 5609
7, 5610
5616, 5616
20, 5623
21, 5624
5630, 5630
28, 5631
29, 5632
11, 5645
14, 5648
15, 5649
5652, 5652
23, 5657
31, 5665
35, 5669
45, 5679
47, 5681
48, 5682
49, 5683
50, 5684
52, 5686
55, 5689
12, 5713
21, 5723
22, 5724
36, 5738
1, 5741
3, 5743
4, 5744
16, 5757
26, 5769
5779, 5779
42, 5786
62, 5806
65, 5809
66, 5810
71, 5815
72, 5816
74, 5818
85, 5830
8, 5850
5862, 5862
21, 5863
22, 5864
23, 5865
24, 5866
38, 5880
44, 5886
48, 5890
53, 5895
73, 5915
5923, 5923
94, 5936
97, 5939
112, 5954
5959, 5959
127, 5969
5970, 5970
5971, 5971
5972, 5972
5973, 5973
139, 5981
141, 5983
146, 5988
5996, 5996
160, 6002
165, 6007
6014, 6014
6021, 6021
6024, 6024
185, 6027
186, 6028
191, 6033
6045, 6045
6048, 6048
16, 6052
32, 6068
6070, 6070
6074, 6074
39, 6075
6085, 6085
54, 6090
100, 6137
102, 6139
104, 6141
118, 6156
6171, 6171
165, 6205
171, 6211
6213, 6213
185, 6225
188, 6228
206, 6248
208, 6250
215, 6257
216, 6258
217, 6259
219, 6261
6271, 6271
230, 6272
232, 6274
239, 6281
240, 6282
241, 6283
254, 6297
6, 6305
7, 6306
6318, 6318
26, 6325
27, 6326
28, 6327
34, 6333
6334, 6334
41, 6340
42, 6341
43, 6342
46, 6345
49, 6348
54, 6353
59, 6358
6359, 6359
61, 6360
6373, 6373
36, 6413
6415, 6415
46, 6423
56, 6433
68, 6445
72, 6449
73, 6450
74, 6451
76, 6454
78, 6456
81, 6459
85, 6463
92, 6470
99, 6478
104, 6484
3, 6491
6498, 6498
6516, 6516
6520, 6520
6545, 6545
69, 6557
6560, 6560
88, 6576
95, 6583
116, 6604
127, 6615
132, 6620
143, 6631
144, 6632
145, 6633
146, 6634
6636, 6636
6654, 6654
174, 6663
6664, 6664
6665, 6665
182, 6671
0, 6674
3, 6677
11, 6686
12, 6687
13, 6688
14, 6689
6693, 6693
26, 6729
28, 6731
6734, 6734
6741, 6741
54, 6757
6758, 6758
62, 6765
6769, 6769
68, 6771
6774, 6774
80, 6783
83, 6787
6789, 6789
86, 6790
3, 6795
4, 6796
12, 6804
15, 6807
3, 6813
15, 6825
19, 6829
28, 6838
35, 6845
36, 6846
38, 6848
39, 6849
10, 6869
14, 6873
21, 6880
23, 6882
4, 6893
6900, 6900
16, 6906
20, 6910
36, 6928
40, 6932
42, 6934
43, 6935
15, 6961
17, 6963
23, 6969
25, 6971
32, 6979
33, 6980
6981, 6981
45, 6994
46, 6995
47, 6996
53, 7002
8, 7012
9, 7013
10, 7014
7022, 7022
0, 7026
7035, 7035
1, 7040
2, 7041
9, 7049
11, 7051
19, 7059
25, 7065
19, 7087
7088, 7088
22, 7090
29, 7097
30, 7098
7102, 7102
7115, 7115
7117, 7117
51, 7119
54, 7122
7123, 7123
58, 7126
60, 7128
7129, 7129
0, 7135
1, 7136
7138, 7138
6, 7141
7143, 7143
13, 7148
7149, 7149
17, 7152
18, 7153
23, 7158
34, 7169
36, 7171
7172, 7172
7179, 7179
7180, 7180
47, 7182
7205, 7205
7213, 7213
3, 7227
10, 7234
7236, 7236
28, 7252
7256, 7256
33, 7257
43, 7267
44, 7268
45, 7269
7271, 7271
48, 7272
49, 7273
51, 7275
56, 7280
7281, 7281
7286, 7286
65, 7289
66, 7290
67, 7291
73, 7297
85, 7309
86, 7310
0, 7311
1, 7312
2, 7313
3, 7314
4, 7315
7318, 7318
12, 7323
7326, 7326
13, 7345
39, 7395
43, 7399
44, 7400
45, 7401
7403, 7403
51, 7407
80, 7440
7448, 7448
90, 7457
5, 7465
6, 7466
9, 7469
14, 7474
7475, 7475
31, 7491
36, 7496
37, 7497
38, 7498
43, 7504
45, 7506
49, 7510
54, 7515
57, 7519
63, 7525
64, 7526
67, 7530
108, 7571
7572, 7572
7601, 7601
7608, 7608
150, 7615
7632, 7632
7636, 7636
180, 7645
188, 7653
