open_hadith_id,id,hadith_no
1,1, 1
2,2, 2
3,3, 3
4,4, 4
6,7, 7
7,15, 15
8,16, 16
9,0, 102
10,4, 106
11,6, 108
12,7, 109
13,9, 111
14,11, 113
15,13, 115
16,14, 116
17,15, 117
18,17, 119
23,22, 124
24,23, 125
25,25, 127
26,27, 129
27,28, 130
28,30, 132
29,31, 133
30,32, 134
31,33, 135
32,35, 137
33,36, 138
34,37, 139
35,39, 141
37,42, 144
38,43, 145
39,45, 147
40,46, 148
41,47, 149
42,49, 151
43,50, 152
44,51, 153
45,52, 154
46,54, 156
47,55, 157
48,56, 158
49,58, 160
50,59, 161
51,60, 162
52,61, 163
53,63, 165
54,64, 166
55,66, 168
56,67, 169
57,68, 170
58,69, 171
59,70, 172
60,72, 174
61,175, 175
62,75, 177
63,76, 178
64,77, 179
66,79, 181
67,80, 182
68,81, 183
69,83, 185
70,84, 186
71,86, 188
81,101, 203
82,103, 205
83,106, 208
84,107, 209
85,108, 210
87,115, 217
88,117, 219
91,122, 224
93,124, 226
94,125, 227
95,126, 228
96,127, 229
97,128, 230
98,130, 232
99,132, 234
100,134, 236
101,135, 237
102,136, 238
103,137, 239
104,138, 240
106,140, 242
107,141, 243
114,148, 250
115,152, 254
116,154, 256
117,155, 257
124,165, 267
126,167, 269
127,168, 270
128,169, 271
129,170, 272
130,171, 273
131,173, 275
132,174, 276
133,175, 277
134,176, 278
135,177, 279
136,178, 280
137,180, 282
138,181, 283
140,185, 287
142,187, 289
143,290, 290
145,191, 293
146,192, 294
147,193, 295
148,194, 296
149,196, 298
151,201, 303
152,202, 304
153,203, 305
154,204, 306
155,205, 307
156,207, 309
157,208, 310
158,211, 313
159,213, 315
160,214, 316
161,216, 318
162,217, 319
163,218, 320
164,219, 321
165,221, 323
166,223, 325
167,224, 326
168,225, 327
169,226, 328
170,227, 329
171,231, 333
172,334, 334
173,234, 336
174,235, 337
175,236, 338
176,237, 339
177,238, 340
178,240, 342
179,242, 344
181,244, 346
183,247, 349
185,249, 351
186,250, 354
187,251, 355
188,254, 358
189,255, 359
190,256, 360
191,258, 362
192,260, 364
193,262, 366
194,263, 367
196,266, 370
197,268, 372
199,271, 375
200,272, 376
201,273, 377
202,274, 378
203,30, 4834
204,277, 381
205,279, 383
206,280, 384
207,282, 386
208,285, 389
209,286, 390
210,287, 391
211,288, 392
212,289, 393
213,290, 394
214,291, 395
215,292, 396
217,298, 402
219,300, 404
220,303, 407
221,304, 408
225,308, 412
227,313, 417
228,314, 418
231,318, 422
233,324, 427
234,326, 429
235,327, 430
236,328, 431
237,330, 433
238,331, 434
239,333, 436
240,334, 437
241,335, 438
242,336, 439
243,337, 440
244,338, 441
245,339, 442
246,340, 443
247,341, 444
249,343, 446
251,344, 448
252,345, 449
253,346, 450
254,347, 451
255,348, 452
256,349, 453
258,351, 455
259,353, 457
260,356, 460
261,357, 461
262,358, 462
263,359, 463
265,362, 466
266,363, 467
267,365, 469
269,368, 472
270,371, 475
271,373, 477
272,375, 479
273,376, 480
274,377, 481
275,378, 482
276,381, 485
277,383, 487
278,385, 489
281,388, 492
282,389, 493
283,390, 494
284,391, 495
285,395, 499
286,396, 500
287,397, 501
288,399, 503
293,404, 508
294,405, 509
295,407, 511
296,408, 512
301,416, 520
302,417, 521
303,418, 522
304,420, 524
306,423, 527
307,425, 529
308,427, 531
313,434, 538
314,435, 539
315,436, 540
316,437, 541
317,438, 542
318,440, 544
319,441, 545
320,442, 546
321,443, 547
322,444, 548
323,445, 549
324,447, 551
326,449, 553
327,450, 554
329,1, 224
330,3, 225
332,5, 226
333,6, 227
334,8, 227
336,9, 229
337,10, 230
338,11, 231
340,13, 232
341,14, 232
342,15, 233
344,17, 233
345,18, 234
347,24, 236
348,25, 237
349,26, 237
351,29, 238
354,35, 241
355,37, 241
357,39, 242
359,41, 243
360,42, 244
361,43, 245
362,44, 246
364,46, 247
365,47, 247
366,48, 248
367,49, 249
368,51, 250
369,52, 251
370,54, 252
372,56, 253
373,57, 254
374,59, 255
376,61, 256
377,62, 257
378,63, 257
379,64, 258
380,65, 259
383,68, 260
384,69, 261
385,71, 262
386,72, 262
388,74, 264
389,75, 265
390,76, 266
392,78, 267
395,81, 268
396,82, 268
397,83, 269
398,84, 270
399,85, 271
400,86, 271
401,87, 272
402,89, 273
403,90, 273
404,91, 274
407,95, 274
408,96, 274
409,97, 274
410,98, 274
411,99, 274
412,101, 274
413,102, 275
414,103, 276
415,106, 277
423,119, 281
424,120, 282
425,121, 282
426,122, 283
429,125, 285
438,139, 291
439,141, 292
468,30, 310
469,31, 311
470,32, 312
472,36, 314
473,37, 315
476,43, 317
477,45, 317
478,46, 318
479,47, 319
480,48, 319
481,49, 320
482,50, 321
483,51, 321
486,54, 322
487,55, 323
489,57, 325
491,59, 326
492,60, 326
493,61, 327
495,63, 328
499,69, 332
500,71, 332
501,75, 333
502,76, 334
503,77, 334
504,80, 334
505,81, 334
506,82, 335
507,83, 335
508,84, 335
509,85, 336
510,86, 336
511,88, 337
512,89, 338
513,91, 339
514,92, 340
516,94, 341
517,95, 342
518,96, 343
520,98, 344
521,99, 345
522,100, 346
523,101, 346
524,102, 347
525,104, 348
526,106, 349
527,107, 350
528,108, 351
529,109, 352
532,112, 354
534,114, 355
536,117, 357
537,119, 358
538,120, 359
540,124, 361
542,126, 363
545,130, 364
547,133, 366
548,134, 366
550,136, 367
551,137, 367
552,138, 368
553,140, 368
558,146, 373
560,148, 374
563,151, 375
564,153, 376
568,0, 377
569,1, 378
570,2, 378
572,5, 379
573,6, 380
575,10, 382
578,13, 385
594,35, 393
598,40, 395
599,43, 396
601,45, 396
602,46, 397
606,53, 399
607,55, 400
608,57, 401
612,65, 404
613,68, 405
616,73, 408
618,76, 410
624,89, 413
627,95, 416
629,97, 418
630,98, 418
633,101, 418
634,102, 418
636,105, 419
637,108, 419
638,109, 420
644,120, 425
645,121, 425
646,122, 426
647,124, 427
651,129, 430
654,133, 432
655,135, 432
656,136, 433
658,138, 435
659,139, 436
660,140, 436
661,142, 437
662,143, 438
663,145, 439
664,146, 440
665,148, 441
667,150, 442
668,151, 442
672,156, 442
673,157, 443
675,159, 444
676,160, 445
679,165, 448
680,166, 448
681,167, 449
682,168, 450
683,171, 450
684,172, 450
685,173, 451
687,175, 452
689,177, 453
690,179, 453
691,181, 454
692,182, 454
693,183, 455
695,185, 457
702,192, 461
709,201, 465
711,203, 465
712,204, 465
713,205, 466
714,207, 467
717,211, 468
723,217, 470
724,218, 471
725,219, 471
728,223, 474
731,226, 474
732,227, 475
733,228, 476
735,230, 476
736,232, 477
738,235, 479
741,239, 480
742,241, 480
744,244, 482
745,245, 483
746,246, 484
747,247, 484
748,248, 484
750,250, 485
751,251, 486
752,252, 487
753,254, 488
754,255, 489
758,259, 490
761,262, 492
763,265, 494
764,267, 495
765,268, 496
766,269, 497
767,270, 497
768,271, 498
769,272, 499
770,273, 499
774,277, 501
775,278, 502
777,280, 503
778,281, 503
779,283, 503
780,285, 504
782,289, 505
783,290, 505
785,293, 507
786,295, 508
787,296, 509
788,297, 509
789,298, 510
791,301, 512
792,302, 512
793,303, 512
795,305, 512
796,306, 512
798,308, 514
799,310, 515
801,312, 516
802,313, 517
807,320, 519
808,0, 1189
810,2, 1191
811,4, 1193
812,6, 1195
816,12, 1201
817,13, 1202
818,15, 1204
820,17, 1206
823,23, 1212
824,24, 1213
826,26, 1215
827,27, 1216
828,28, 1217
830,30, 1219
832,33, 1222
835,37, 1226
836,38, 1227
837,40, 1229
838,42, 1231
839,44, 1233
841,46, 1235
842,48, 1237
843,50, 1239
844,51, 1240
845,52, 1241
847,55, 1244
848,57, 1246
849,58, 1247
852,61, 1252
853,62, 1253
854,64, 1255
856,67, 1258
858,69, 1260
859,70, 1261
862,73, 1264
863,75, 1266
866,78, 1269
869,83, 1274
870,85, 1276
871,86, 1277
872,87, 1278
873,88, 1279
874,89, 1280
875,90, 1281
877,93, 1284
878,94, 1285
879,95, 1286
880,97, 1288
881,99, 1290
883,102, 1293
884,104, 1295
885,106, 1297
886,107, 1298
887,108, 1299
888,109, 1300
890,118, 1309
891,120, 1311
893,122, 1313
896,125, 1316
898,130, 1321
899,131, 1322
902,134, 1325
903,135, 1326
905,138, 1329
906,139, 1330
910,145, 1336
912,147, 1338
914,150, 1341
917,153, 1344
919,155, 1346
925,162, 1353
926,163, 1354
930,169, 1361
931,170, 1362
936,183, 1375
937,185, 1377
939,187, 1380
940,189, 1382
942,191, 1385
943,192, 1386
944,115, 422
945,194, 1390
946,195, 1391
947,196, 1392
948,197, 1393
950,200, 1397
951,201, 1398
953,203, 1400
959,213, 1410
960,214, 1411
964,1416, 1416
965,219, 1417
966,221, 1419
967,222, 1420
968,223, 1421
969,224, 1422
970,225, 1423
971,226, 1424
972,228, 1426
973,230, 1428
975,234, 1430
976,235, 1431
977,236, 1432
979,238, 1434
980,239, 1435
982,241, 1437
983,242, 1438
984,243, 1439
987,247, 1443
989,249, 1445
990,250, 1446
991,252, 1448
993,255, 1451
994,257, 1453
995,259, 1455
996,260, 1457
998,262, 1459
1000,265, 1462
1001,267, 1464
1002,269, 1466
1003,271, 1468
1006,275, 1472
1007,276, 1473
1008,278, 1475
1009,280, 1477
1010,281, 1478
1011,282, 1479
1012,283, 1480
1013,284, 1481
1014,286, 1483
1015,287, 1484
1018,290, 1487
1020,292, 1489
1022,294, 1491
1023,295, 1492
1024,297, 1494
1025,298, 1495
1026,299, 1496
1027,300, 1497
1028,301, 1498
1029,302, 1499
1030,303, 1500
1031,304, 1501
1035,308, 1505
1037,311, 1508
1040,316, 1513
1041,317, 1514
1042,318, 1515
1044,321, 1518
1045,322, 1519
1046,323, 1520
1048,325, 1522
1050,328, 1525
1051,329, 1526
1052,331, 1528
1053,334, 1531
1055,336, 1533
1056,337, 1534
1057,339, 1536
1059,341, 1538
1061,344, 1541
1065,349, 1546
1066,351, 1548
1068,354, 1551
1071,357, 1554
1072,358, 1555
1073,359, 1556
1075,361, 1558
1076,363, 1560
1078,367, 1564
1079,369, 1566
1080,370, 1567
1081,373, 1570
1082,375, 1572
1083,377, 1574
1087,382, 1579
1095,392, 1589
1096,393, 1590
1097,395, 1592
1098,396, 1593
1099,397, 1594
1100,398, 1595
1102,401, 1598
1105,0, 1602
1107,2, 1604
1108,3, 1605
1109,5, 1607
1110,6, 1608
1112,9, 1611
1113,10, 1612
1115,12, 1614
1116,13, 1615
1117,14, 1616
1119,20, 1622
1121,24, 1626
1122,26, 1628
1124,29, 1631
1126,31, 1633
1129,43, 1644
1132,47, 1648
1136,51, 1652
1137,52, 1653
1138,53, 1654
1140,55, 1656
1145,60, 1661
1150,65, 1666
1154,69, 1670
1155,70, 1671
1156,71, 1672
1159,75, 1676
1160,77, 1678
1162,81, 1682
1163,82, 1683
1164,83, 1684
1165,84, 1685
1166,86, 1687
1174,94, 1695
1175,95, 1696
1177,99, 1700
1178,100, 1701
1179,101, 1702
1181,103, 1704
1183,107, 1708
1184,108, 1709
1185,110, 1711
1187,114, 1715
1189,116, 1717
1191,118, 1719
1193,120, 1721
1195,122, 1723
1198,126, 1727
1199,128, 1729
1200,131, 1731
1201,133, 1733
1202,135, 1735
1205,138, 1738
1207,140, 1740
1209,142, 1742
1211,145, 1745
1212,146, 1746
1215,151, 1751
1216,152, 1752
1217,153, 1754
1219,156, 1757
1220,157, 1758
1221,159, 1760
1222,160, 1761
1223,161, 1762
1224,162, 1763
1225,163, 1764
1227,165, 1766
1228,167, 1768
1230,169, 1770
1232,171, 1772
1233,172, 1773
1236,178, 1779
1237,179, 1780
1239,1782, 1782
1247,192, 1793
1251,196, 1797
1254,200, 1801
1256,202, 1803
1257,203, 1804
1259,205, 1806
1261,207, 1808
1262,208, 1809
1263,209, 1810
1264,210, 1811
1265,211, 1813
1266,213, 1815
1267,214, 1816
1268,215, 1817
1269,216, 1818
1270,217, 1819
1271,218, 1820
1272,219, 1821
1273,220, 1822
1274,222, 1824
1275,223, 1825
1277,226, 1828
1278,227, 1829
1280,233, 1835
1284,238, 1840
1285,239, 1841
1286,240, 1842
1289,245, 1847
1290,246, 1848
1291,248, 1850
1292,249, 1851
1293,251, 1853
1294,252, 1854
1295,253, 1855
1296,254, 1856
1299,257, 1859
1300,258, 1860
1301,259, 1861
1302,261, 1863
1304,263, 1865
1306,265, 1867
1307,267, 1869
1309,269, 1871
1310,270, 1872
1311,271, 1873
1312,272, 1874
1313,274, 1876
1314,275, 1877
1315,276, 1878
1320,284, 1886
1321,285, 1887
1322,286, 1888
1325,290, 1892
1326,291, 1893
1327,293, 1895
1328,294, 1896
1329,296, 1898
1330,298, 1900
1332,301, 1903
1334,304, 1906
1335,306, 1908
1336,307, 1909
1337,308, 1910
1338,310, 1912
1339,311, 1913
1340,312, 1914
1342,317, 1919
1343,319, 1921
1345,322, 1924
1347,324, 1926
1348,325, 1927
1349,327, 1929
1350,328, 1930
1352,331, 1933
1354,334, 1936
1355,337, 1939
1356,339, 1941
1357,341, 1943
1358,343, 1945
1359,346, 1948
1361,348, 1950
1362,349, 1951
1364,351, 1953
1365,353, 1955
1367,1958, 1958
1370,360, 1962
1371,361, 1963
1372,362, 1964
1373,364, 1966
1374,365, 1967
1375,366, 1968
1377,368, 1970
1378,369, 1971
1379,370, 1972
1388,381, 1983
1389,382, 1984
1390,383, 1985
1391,384, 1986
1395,4, 1992
1397,6, 1994
1398,7, 1995
1399,8, 1996
1400,9, 1997
1403,13, 2001
1406,18, 2006
1409,24, 2012
1411,26, 2014
1412,27, 2015
1413,29, 2017
1415,31, 2019
1417,35, 2023
1418,36, 2024
1419,37, 2025
1420,38, 2026
1423,41, 2029
1424,42, 2030
1426,44, 2032
1427,45, 2033
1429,48, 2036
1431,50, 2038
1432,51, 2039
1433,52, 2040
1436,57, 2045
1437,58, 2046
1438,59, 2047
1439,60, 2048
1440,61, 2049
1441,63, 2051
1442,2052, 2052
1443,65, 2053
1451,75, 2063
1452,77, 2065
1454,80, 2068
1461,89, 2077
1463,91, 2079
1464,0, 2081
1465,1, 2082
1466,2, 2084
1468,4, 2086
1472,8, 2090
1473,9, 2091
1474,10, 2092
1475,11, 2093
1476,12, 2094
1477,13, 2096
1478,14, 2097
1479,15, 2098
1480,17, 2100
1482,19, 2102
1483,20, 2103
1484,22, 2105
1485,23, 2106
1489,3, 2110
1491,6, 2113
1492,5, 2112
1494,13, 2120
1495,14, 2121
1496,15, 2122
1497,16, 2123
1498,18, 2125
1499,0, 2126
1500,2, 2129
1501,3, 2130
1502,4, 2131
1504,6, 2134
1505,2135, 2135
1506,8, 2136
1507,10, 2138
1508,11, 2140
1509,12, 2140
1511,16, 2146
1512,17, 2147
1513,19, 2149
1515,21, 2151
1518,25, 2156
1519,26, 2157
1520,27, 2158
1522,30, 2161
1523,0, 2162
1525,3, 2165
1526,4, 2166
1527,6, 2168
1528,7, 2169
1529,9, 2171
1530,11, 2173
1531,12, 2174
1532,14, 2176
1533,15, 2177
1534,16, 2178
1535,17, 2179
1537,20, 2182
1541,24, 2186
1542,25, 2187
1543,26, 2188
1547,31, 2197
1550,37, 2203
1551,38, 2204
1552,40, 2206
1554,42, 2208
1556,44, 2210
1558,49, 2215
1560,52, 2218
1562,54, 2220
1563,56, 2222
1564,57, 2223
1566,60, 2226
1567,62, 2228
1570,66, 2232
1573,70, 2236
1574,72, 2238
1576,75, 2241
1578,77, 2243
1579,79, 2245
1580,81, 2247
1582,84, 2250
1584,86, 2252
1588,92, 2259
1589,93, 2260
1600,108, 2276
1603,113, 2281
1604,114, 2282
1605,115, 2283
1606,116, 2284
1607,117, 2285
1608,118, 2286
1609,119, 2287
1610,121, 2290
1611,122, 2291
1613,125, 2294
1614,126, 2295
1618,130, 2299
1619,131, 2300
1621,133, 2303
1622,134, 2304
1623,136, 2306
1624,137, 2309
1627,4, 2314
1629,8, 2318
1630,9, 2319
1631,10, 2320
1633,13, 2323
1634,14, 2324
1635,15, 2325
1640,20, 2330
1642,22, 2332
1643,23, 2333
1645,25, 2335
1647,27, 2337
1648,29, 2339
1649,32, 2343
1650,33, 2344
1651,34, 2345
1652,36, 2347
1654,40, 2351
1655,41, 2352
1656,42, 2353
1657,43, 2354
1658,44, 2355
1659,45, 2356
1662,48, 2359
1664,51, 2362
1666,53, 2364
1667,54, 2365
1669,58, 2369
1670,60, 2371
1672,63, 2374
1673,64, 2375
1674,65, 2376
1675,66, 2377
1676,69, 2380
1677,71, 2382
1678,72, 2383
1679,73, 2384
1680,74, 2385
1682,76, 2387
1683,77, 2388
1684,78, 2389
1686,82, 2393
1687,83, 2394
1688,84, 2395
1689,85, 2396
1691,87, 2398
1692,91, 2402
1693,93, 2404
1694,94, 2405
1695,95, 2406
1696,96, 2407
1699,99, 2410
1700,100, 2411
1701,102, 2413
1702,104, 2415
1703,105, 2416
1704,106, 2417
1706,109, 2420
1708,111, 2422
1709,112, 2423
1710,114, 2425
1711,115, 2426
1712,116, 2427
1713,118, 2429
1714,119, 2430
1715,121, 2432
1716,122, 2433
1717,123, 2434
1718,124, 2435
1719,125, 2436
1720,126, 2437
1722,129, 2440
1724,132, 2443
1726,135, 2446
1727,136, 2447
1729,139, 2450
1730,140, 2451
1731,141, 2452
1732,142, 2453
1733,144, 2455
1734,146, 2457
1737,151, 2462
1741,156, 2467
1742,157, 2468
1744,159, 2470
1745,160, 2471
1746,162, 2473
1747,163, 2474
1748,164, 2475
1749,165, 2476
1750,167, 2478
1752,169, 2480
1753,172, 2483
1754,175, 2486
1756,177, 2488
1757,179, 2490
1758,182, 2493
1759,183, 2494
1761,185, 2496
1762,187, 2499
1763,188, 2500
1764,191, 2503
1765,192, 2504
1766,193, 2506
1767,194, 2507
1770,197, 2510
1771,198, 2511
1772,201, 2514
1773,203, 2516
1774,204, 2517
1776,206, 2519
1777,208, 2521
1779,212, 2525
1782,215, 2528
1784,217, 2530
1785,219, 2532
1786,221, 2534
1787,222, 2536
1789,226, 2541
1790,227, 2542
1791,228, 2543
1792,230, 2546
1793,0, 2547
1795,3, 2550
1801,11, 2558
1803,13, 2560
1806,16, 2563
1807,18, 2565
1809,20, 2567
1810,21, 2568
1812,24, 2571
1819,32, 2580
1820,33, 2581
1821,34, 2582
1822,35, 2583
1824,37, 2585
1826,39, 2587
1828,41, 2589
1831,48, 2596
1835,53, 2601
1836,54, 2604
1837,56, 2606
1840,61, 2611
1841,62, 2612
1842,63, 2613
1846,70, 2621
1848,74, 2625
1849,75, 2626
1851,77, 2628
1852,78, 2629
1853,79, 2630
1854,80, 2631
1857,83, 2635
1858,85, 2637
1859,87, 2639
1862,90, 2642
1863,92, 2644
1864,93, 2645
1868,97, 2649
1870,99, 2651
1871,101, 2653
1873,105, 2657
1876,112, 2664
1878,114, 2666
1880,120, 2672
1887,127, 2679
1888,128, 2680
1891,133, 2685
1894,136, 2688
1896,140, 2692
1897,142, 2694
1900,145, 2697
1909,157, 2709
1910,160, 2712
1911,162, 2714
1913,165, 2717
1924,179, 2731
1940,206, 2758
1941,207, 2759
1942,208, 2760
1943,209, 2761
1944,210, 2762
1947,214, 2766
1949,217, 2769
1952,220, 2772
1960,230, 2782
1962,233, 2786
1963,234, 2787
1966,238, 2791
1967,240, 2793
1969,243, 2796
1971,245, 2798
1973,247, 2800
1976,250, 2803
1977,251, 2804
1981,257, 2810
1982,259, 2812
1985,265, 2818
1986,266, 2819
1988,268, 2821
1989,269, 2822
1991,271, 2824
1992,272, 2825
1993,273, 2826
1994,275, 2828
1995,276, 2829
1996,278, 2831
1997,279, 2832
1999,281, 2834
2001,283, 2836
2007,6, 2843
2008,7, 2844
2012,0, 2848
2017,7, 2855
2018,8, 2856
2019,9, 2857
2020,10, 2858
2021,11, 2859
2022,12, 2860
2026,16, 2864
2028,19, 2867
2029,20, 2868
2030,21, 2869
2032,23, 2872
2035,26, 2875
2036,28, 2877
2039,31, 2880
2040,32, 2881
2041,33, 2882
2044,36, 2885
2048,40, 2889
2056,50, 2899
2057,51, 2900
2062,59, 2908
2063,60, 2909
2064,62, 2911
2065,63, 2912
2067,68, 2917
2084,89, 2939
2088,93, 2943
2089,94, 2944
2101,108, 2960
2103,111, 2963
2106,114, 2966
2108,116, 2968
2109,117, 2969
2110,118, 2970
2111,119, 2971
2112,120, 2972
2114,124, 2976
2115,125, 2977
2117,128, 2980
2120,133, 2986
2121,135, 2988
2122,137, 2990
2124,140, 2993
2125,141, 2994
2127,143, 2996
2128,146, 2999
2129,147, 3000
2130,148, 3001
2131,149, 3002
2132,150, 3003
2133,151, 3004
2135,153, 3006
2137,156, 3009
2138,158, 3011
2139,159, 3012
2140,160, 3013
2141,161, 3014
2142,162, 3015
2143,163, 3016
2145,167, 3020
2146,168, 3021
2147,170, 3023
2148,171, 3024
2150,173, 3026
2153,178, 3031
2154,180, 3033
2158,185, 3039
2159,187, 3041
2161,189, 3043
2164,194, 3048
2165,195, 3049
2167,199, 3053
2168,200, 3054
2170,202, 3056
2171,203, 3057
2172,204, 3058
2173,206, 3060
2174,207, 3061
2175,209, 3063
2176,210, 3064
2178,214, 3068
2179,216, 3070
2181,218, 3072
2184,221, 3075
2185,223, 3077
2188,226, 3080
2190,228, 3082
2193,231, 3085
2196,234, 3089
2197,236, 3092
2198,238, 3094
2199,239, 3095
2200,240, 3096
2201,241, 3097
2202,242, 3098
2203,243, 3099
2205,246, 3102
2209,250, 3106
2210,251, 3107
2211,252, 3108
2212,253, 3109
2213,254, 3110
2214,255, 3111
2216,257, 3113
2217,258, 3114
2219,261, 3117
2220,262, 3118
2222,264, 3120
2224,266, 3122
2226,268, 3124
2228,270, 3126
2230,272, 3128
2232,274, 3130
2233,276, 3132
2234,277, 3133
2236,279, 3135
2237,280, 3136
2238,281, 3137
2239,282, 3138
2241,284, 3140
2244,288, 3144
2245,290, 3146
2247,291, 3148
2248,292, 3149
2249,294, 3151
2252,297, 3155
2256,301, 3159
2259,304, 3162
2260,305, 3163
2261,306, 3164
2262,307, 3165
2263,308, 3166
2266,312, 3171
2269,316, 3175
2270,317, 3176
2271,319, 3178
2272,320, 3179
2274,323, 3182
2277,327, 3186
2281,331, 3190
2282,332, 3191
2283,333, 3192
2284,335, 3194
2285,337, 3196
2286,338, 3197
2287,339, 3198
2289,341, 3200
2290,342, 3201
2291,344, 3203
2298,354, 3213
2302,358, 3217
2307,367, 3225
2308,368, 3226
2311,372, 3229
2314,376, 3233
2315,377, 3234
2318,381, 3237
2319,383, 3240
2325,394, 3250
2326,395, 3251
2327,396, 3252
2330,400, 3255
2333,406, 3261
2335,408, 3263
2338,411, 3266
2339,412, 3267
2340,413, 3268
2342,417, 3271
2343,419, 3273
2344,420, 3274
2345,421, 3276
2348,426, 3280
2350,429, 3283
2351,430, 3284
2352,431, 3285
2356,437, 3291
2358,441, 3294
2359,442, 3295
2360,444, 3297
2361,445, 3298
2364,448, 3301
2366,450, 3303
2367,452, 3304
2368,454, 3306
2369,455, 3307
2371,457, 3309
2372,458, 3310
2373,460, 3312
2374,462, 3313
2375,465, 3315
2377,468, 3317
2378,469, 3318
2380,473, 3321
2381,476, 3323
2383,478, 3325
2388,485, 3332
2391,489, 3336
2392,493, 3339
2393,495, 3341
2394,497, 3342
2396,502, 3347
2401,508, 3352
2402,509, 3354
2403,511, 3356
2405,515, 3360
2409,519, 3364
2411,521, 3366
2412,523, 3368
2413,525, 3370
2414,526, 3371
2415,527, 3372
2416,528, 3373
2417,529, 3374
2418,530, 3375
2421,534, 3378
2422,536, 3380
2423,537, 3381
2425,539, 3383
2426,540, 3384
2427,542, 3386
2428,543, 3387
2429,545, 3389
2431,547, 3391
2432,548, 3392
2433,549, 3393
2434,22, 3865
2435,554, 3398
2437,556, 3400
2438,557, 3401
2439,558, 3402
2441,561, 3405
2443,563, 3407
2444,564, 3408
2446,567, 3411
2449,572, 3416
2451,574, 3418
2452,575, 3419
2453,577, 3421
2455,579, 3423
2456,580, 3424
2459,586, 3430
2461,588, 3432
2462,589, 3433
2463,590, 3434
2465,592, 3436
2467,594, 3438
2469,596, 3440
2474,605, 3449
2475,606, 3450
2477,609, 3453
2478,611, 3455
2485,0, 3464
2487,5, 3469
2489,7, 3471
2491,9, 3473
2493,12, 3476
2494,15, 3479
2495,16, 3480
2496,17, 3481
2497,18, 3482
2498,19, 3483
2499,20, 3484
2500,21, 3485
2501,22, 3486
2502,24, 3488
2504,27, 3491
2508,31, 3495
2510,33, 3497
2519,44, 3508
2526,52, 3516
2535,64, 3528
2542,73, 3537
2547,80, 3544
2549,82, 3546
2551,84, 3548
2552,86, 3550
2553,87, 3551
2554,88, 3552
2555,90, 3555
2556,91, 3556
2557,92, 3557
2561,98, 3563
2563,100, 3570
2564,101, 3571
2566,102, 3573
2567,103, 3575
2569,105, 3577
2570,106, 3578
2572,108, 3580
2574,110, 3582
2576,112, 3584
2581,117, 3589
2582,118, 3590
2583,119, 3591
2586,126, 3598
2587,127, 3599
2591,135, 3607
2592,136, 3608
2594,139, 3611
2596,142, 3614
2597,143, 3615
2599,145, 3617
2606,157, 3629
2607,158, 3630
2611,163, 3635
2612,165, 3637
2613,166, 3638
2614,168, 3640
2615,0, 3641
2616,1, 3642
2617,3, 3644
2623,13, 3654
2624,16, 3657
2625,17, 3658
2626,18, 3659
2627,20, 3661
2629,23, 3664
2633,28, 3669
2634,29, 3670
2636,32, 3673
2638,34, 3675
2639,35, 3676
2643,40, 3681
2645,45, 3686
2647,49, 3690
2650,53, 3694
2654,58, 3699
2655,59, 3700
2656,60, 3701
2657,61, 3702
2658,63, 3704
2660,65, 3706
2661,67, 3708
2663,69, 3710
2664,70, 3711
2665,72, 3713
2666,73, 3714
2667,74, 3715
2670,78, 3719
2671,79, 3720
2672,80, 3721
2673,82, 3723
2674,83, 3724
2675,0, 3725
2676,1, 3726
2680,7, 3732
2682,9, 3734
2683,12, 3737
2687,17, 3742
2688,18, 3743
2689,21, 3746
2691,23, 3748
2692,24, 3749
2694,26, 3751
2695,27, 3752
2696,29, 3754
2697,30, 3755
2698,32, 3757
2703,38, 3763
2704,39, 3764
2705,40, 3765
2706,42, 3767
2707,43, 3768
2709,44, 3770
2710,45, 3771
2711,46, 3772
2712,47, 3773
2714,51, 3777
2715,52, 3778
2716,54, 3780
2718,56, 3782
2720,59, 3785
2721,60, 3786
2727,68, 3794
2728,69, 3795
2729,70, 3796
2733,73, 3802
2734,75, 3804
2736,78, 3807
2739,84, 3813
2741,0, 3816
2742,3, 3819
2743,5, 3821
2748,12, 3828
2749,14, 3830
2750,15, 3831
2752,18, 3834
2755,21, 3837
2756,23, 3839
2757,25, 3841
2758,1, 3844
2762,7, 3850
2763,9, 3852
2770,19, 3862
2771,20, 3863
2772,21, 3864
2774,23, 3867
2775,24, 3868
2776,25, 3869
2779,28, 3872
2782,5, 3879
2783,7, 3881
2784,8, 3882
2786,10, 3884
2787,11, 3885
2788,12, 3886
2789,13, 3887
2790,14, 3890
2792,17, 3893
2809,39, 3916
2812,42, 3919
2815,45, 3923
2818,48, 3926
2820,50, 3928
2821,53, 3931
2822,54, 3934
2823,55, 3935
2824,56, 3936
2825,57, 3937
2826,59, 3939
2827,61, 3941
2828,63, 3943
2831,70, 3950
2832,71, 3952
2833,72, 3953
2834,73, 3954
2837,77, 3958
2838,79, 3960
2842,87, 3968
2844,91, 3972
2845,92, 3973
2851,101, 3982
2854,105, 3986
2855,108, 3989
2856,110, 3991
2857,111, 3992
2858,112, 3993
2859,113, 3994
2861,116, 3997
2868,123, 4004
2869,124, 4005
2879,136, 4018
2882,141, 4023
2883,142, 4024
2884,144, 4026
2886,149, 4031
2892,157, 4039
2896,0, 4044
2898,4, 4048
2899,5, 4049
2900,6, 4050
2901,7, 4051
2903,10, 4054
2905,13, 4057
2908,17, 4062
2909,18, 4063
2911,21, 4066
2912,22, 4067
2913,26, 4071
2915,28, 4073
2916,30, 4075
2917,31, 4076
2918,32, 4077
2920,34, 4079
2923,38, 4083
2924,41, 4086
2925,42, 4087
2926,43, 4088
2929,46, 4091
2930,48, 4093
2933,53, 4098
2934,54, 4099
2937,57, 4102
2938,58, 4103
2939,60, 4105
2940,61, 4106
2941,62, 4107
2951,74, 4119
2952,76, 4121
2956,81, 4126
2957,82, 4127
2959,85, 4131
2960,86, 4132
2964,92, 4138
2966,95, 4141
2968,97, 4143
2969,99, 4145
2970,101, 4147
2971,102, 4148
2972,104, 4150
2976,110, 4156
2977,111, 4157
2978,113, 4159
2979,114, 4160
2980,116, 4162
2981,117, 4163
2982,118, 4164
2983,119, 4165
2985,121, 4167
2986,122, 4168
2988,124, 4170
2993,129, 4175
2994,130, 4176
2995,131, 4177
2997,136, 4182
2998,138, 4184
2999,141, 4187
3000,143, 4189
3003,148, 4194
3006,151, 4197
3010,156, 4202
3012,160, 4206
3013,162, 4208
3014,163, 4209
3016,165, 4211
3019,168, 4215
3025,175, 4222
3026,177, 4224
3027,0, 4225
3028,1, 4226
3029,2, 4227
3031,5, 4230
3035,10, 4235
3039,16, 4241
3040,17, 4242
3042,20, 4245
3044,0, 4248
3045,2, 4250
3052,14, 4262
3056,19, 4268
3060,23, 4273
3061,24, 4274
3068,34, 4284
3069,35, 4285
3076,5, 4296
3079,11, 4302
3080,14, 4305
3081,15, 4306
3082,16, 4307
3084,19, 4310
3085,20, 4311
3089,28, 4319
3090,30, 4321
3091,31, 4322
3092,1, 4324
3093,2, 4325
3095,4, 4327
3099,10, 4333
3100,12, 4335
3103,17, 4342
3105,4, 4347
3107,7, 4350
3108,8, 4351
3109,9, 4352
3110,10, 4353
3111,11, 4354
3112,15, 4358
3116,21, 4364
3120,29, 4372
3121,30, 4373
3123,32, 4375
3124,33, 4376
3126,36, 4379
3127,38, 4381
3130,45, 4388
3131,46, 4389
3132,48, 4391
3133,49, 4392
3134,51, 4394
3135,53, 4396
3137,56, 4399
3138,58, 4401
3139,60, 4403
3141,63, 4406
3142,64, 4407
3144,67, 4410
3145,69, 4412
3146,71, 4414
3148,73, 4416
3150,76, 4419
3152,78, 4421
3155,85, 4428
3157,0, 4434
3158,1, 4435
3159,4, 4438
3160,7, 4441
3162,11, 4445
3165,19, 4454
3168,24, 4459
3170,27, 4462
3171,28, 4463
3174,32, 4467
3175,33, 4468
3177,37, 4473
3178,40, 4476
3179,41, 4477
3181,45, 4481
3182,46, 4482
3183,47, 4483
3184,48, 4484
3185,49, 4485
3186,51, 4487
3188,55, 4491
3193,7, 4499
3195,11, 4503
3196,13, 4505
3197,14, 4506
3199,17, 4509
3200,19, 4511
3201,21, 4513
3203,28, 4520
3204,29, 4521
3205,31, 4523
3206,32, 4524
3207,35, 4527
3208,36, 4528
3209,37, 4529
3210,39, 4531
3211,41, 4533
3213,46, 4538
3215,51, 4543
3217,55, 4547
3218,57, 4549
3219,59, 4551
3220,62, 4554
3221,63, 4555
3222,65, 4557
3223,66, 4558
3228,0, 4567
3230,2, 4569
3231,3, 4570
3232,5, 4572
3233,7, 4574
3234,9, 4576
3235,10, 4577
3236,11, 4578
3237,13, 4580
3238,15, 4582
3239,16, 4583
3241,21, 4588
3242,22, 4589
3244,24, 4591
3245,25, 4592
3246,27, 4594
3247,0, 4595
3249,4, 4599
3252,10, 4606
3253,11, 4607
3254,13, 4609
3255,14, 4610
3257,17, 4613
3258,18, 4614
3259,19, 4615
3260,0, 4616
3261,2, 4618
3262,5, 4622
3263,7, 4624
3273,19, 4637
3275,21, 4639
3276,22, 4640
3278,26, 4644
3280,28, 4646
3281,29, 4647
3284,32, 4650
3285,33, 4651
3287,35, 4653
3288,36, 4654
3289,37, 4655
3290,38, 4656
3294,45, 4664
3295,48, 4667
3296,49, 4668
3297,50, 4669
3298,52, 4671
3299,53, 4672
3300,54, 4673
3301,55, 4674
3302,57, 4676
3303,59, 4678
3304,60, 4679
3305,62, 4681
3306,63, 4682
3308,66, 4685
3309,68, 4687
3310,69, 4688
3311,71, 4690
3312,72, 4691
3314,76, 4695
3315,78, 4697
3316,80, 4699
3317,82, 4701
3318,83, 4702
3319,84, 4703
3320,85, 4704
3321,86, 4705
3322,88, 4707
3324,93, 4712
3325,95, 4715
3326,96, 4716
3328,99, 4719
3329,100, 4720
3330,101, 4721
3331,102, 4722
3332,104, 4724
3334,107, 4727
3335,109, 4729
3336,111, 4731
3337,112, 4732
3338,113, 4733
3339,114, 4734
3340,116, 4736
3342,119, 4740
3343,120, 4741
3344,121, 4742
3347,126, 4747
3348,128, 4749
3349,129, 4750
3350,130, 4751
3352,133, 4754
3353,134, 4755
3355,137, 4758
3356,139, 4760
3357,141, 4762
3358,142, 4763
3359,144, 4765
3360,145, 4766
3361,146, 4767
3363,148, 4769
3364,149, 4770
3365,150, 4771
3366,152, 4773
3371,157, 4778
3372,158, 4779
3373,160, 4782
3374,161, 4783
3375,162, 4785
3376,163, 4786
3377,164, 4787
3378,166, 4789
3379,168, 4791
3381,172, 4795
3382,173, 4796
3383,174, 4797
3387,179, 4802
3388,180, 4803
3389,0, 4804
3391,2, 4806
3393,5, 4809
3397,10, 4814
3398,11, 4815
3399,13, 4817
3400,14, 4818
3401,16, 4820
3402,17, 4821
3403,18, 4822
3404,19, 4823
3405,20, 4824
3406,21, 4825
3407,22, 4826
3409,30, 4834
3411,34, 4838
3412,35, 4839
3413,39, 4843
3414,41, 4845
3415,44, 4848
3416,47, 4851
3417,48, 4852
3419,55, 4860
3424,66, 4871
3426,69, 4874
3427,71, 4877
3428,72, 4878
3429,73, 4879
3430,75, 4881
3431,76, 4882
3434,83, 4890
3435,84, 4891
3436,85, 4892
3441,92, 4899
3442,96, 4903
3443,97, 4904
3444,98, 4905
3445,99, 4906
3447,103, 4910
3448,104, 4911
3449,107, 4914
3454,112, 4919
3464,124, 4932
3465,125, 4933
3467,129, 4937
3469,131, 4939
3470,133, 4941
3471,134, 4942
3472,135, 4943
3473,136, 4944
3474,138, 4946
3478,146, 4954
3479,147, 4955
3484,159, 4967
3486,162, 4970
3488,167, 4975
3490,169, 4977
3491,171, 4979
3492,173, 4981
3494,176, 4984
3496,179, 4987
3497,180, 4988
3498,183, 4991
3500,185, 4993
3501,186, 4994
3503,189, 4997
3504,192, 5000
3506,195, 5003
3508,197, 5005
3509,199, 5007
3510,202, 5010
3511,203, 5011
3516,212, 5020
3518,214, 5022
3519,215, 5023
3520,216, 5024
3521,217, 5025
3522,218, 5026
3523,219, 5027
3524,220, 5028
3525,221, 5029
3527,224, 5032
3528,226, 5034
3531,230, 5038
3533,232, 5040
3534,234, 5042
3535,235, 5043
3537,239, 5047
3538,241, 5049
3539,242, 5050
3541,247, 5055
3542,248, 5056
3543,250, 5058
3550,258, 5066
3551,259, 5067
3553,261, 5069
3554,262, 5070
3555,263, 5071
3560,0, 5081
3561,1, 5082
3562,2, 5083
3563,5, 5086
3564,7, 5088
3565,9, 5090
3567,11, 5092
3568,13, 5094
3573,20, 5101
3574,22, 5103
3576,28, 5109
3577,29, 5110
3578,30, 5111
3581,36, 5117
3585,41, 5122
3590,46, 5127
3591,48, 5129
3592,49, 5130
3604,70, 5151
3605,71, 5152
3608,74, 5155
3609,75, 5156
3611,79, 5160
3612,81, 5162
3615,87, 5168
3616,88, 5169
3619,93, 5174
3622,1, 5177
3623,3, 5179
3624,5, 5181
3625,6, 5182
3627,9, 5185
3630,15, 5191
3631,18, 5194
3632,19, 5195
3633,20, 5196
3635,23, 5199
3637,27, 5203
3639,32, 5209
3640,33, 5210
3643,38, 5215
3645,40, 5217
3647,44, 5221
3648,45, 5222
3649,46, 5223
3651,135, 2305
3652,53, 5231
3653,54, 5232
3655,56, 5234
3657,61, 5239
3659,63, 5241
3661,2, 5244
3662,4, 5246
3663,5, 5247
3664,6, 5248
3667,11, 5253
3669,13, 5255
3670,14, 5256
3671,15, 5257
3674,18, 5260
3681,27, 5269
3684,33, 5275
3685,35, 5277
3689,5282, 5282
3692,43, 5285
3696,48, 5290
3702,56, 5298
3706,61, 5303
3707,63, 5305
3716,73, 5315
3717,75, 5317
3721,80, 5322
3722,81, 5323
3723,83, 5325
3725,85, 5327
3726,86, 5328
3727,87, 5329
3729,90, 5332
3730,91, 5333
3731,92, 5334
3738,100, 5342
3739,102, 5344
3742,105, 5347
3743,106, 5348
3744,107, 5349
3745,108, 5350
3747,112, 5354
3748,113, 5355
3749,114, 5356
3750,115, 5357
3751,116, 5358
3752,118, 5360
3753,120, 5362
3756,126, 5368
3757,130, 5372
3758,132, 5374
3759,134, 5376
3760,135, 5377
3761,136, 5378
3762,139, 5381
3763,141, 5383
3764,142, 5384
3766,145, 5387
3767,146, 5388
3768,147, 5389
3769,148, 5390
3771,151, 5393
3772,152, 5394
3773,154, 5396
3775,156, 5398
3779,160, 5402
3781,163, 5405
3782,164, 5406
3783,166, 5408
3784,167, 5409
3785,169, 5411
3786,170, 5412
3787,172, 5414
3791,176, 5418
3792,178, 5420
3793,179, 5421
3795,184, 5426
3796,185, 5427
3798,191, 5433
3800,194, 5436
3801,195, 5437
3805,207, 5449
3806,209, 5451
3807,210, 5452
3808,211, 5453
3809,212, 5454
3813,217, 5459
3814,219, 5461
3815,220, 5462
3816,221, 5463
3818,224, 5466
3822,228, 5470
3823,229, 5471
3825,232, 5474
3826,234, 5476
3827,235, 5477
3828,237, 5479
3829,238, 5480
3831,241, 5483
3832,243, 5485
3833,244, 5486
3834,245, 5487
3835,246, 5488
3836,247, 5489
3839,252, 5494
3844,259, 5501
3850,15, 5521
3851,16, 5522
3852,18, 5524
3855,24, 5530
3856,25, 5531
3857,26, 5532
3858,28, 5534
3859,30, 5536
3860,32, 5538
3862,35, 5541
3863,37, 5543
3868,42, 5548
3869,44, 5550
3870,46, 5552
3872,49, 5555
3873,51, 5557
3878,56, 5562
3880,58, 5564
3881,60, 5566
3883,63, 5569
3884,64, 5570
3885,65, 5571
3886,67, 5573
3887,69, 5575
3896,84, 5591
3897,86, 5593
3899,90, 5597
3900,91, 5598
3904,96, 5603
3905,97, 5604
3907,100, 5607
3910,104, 5611
3912,108, 5615
3913,109, 5616
3915,111, 5618
3916,113, 5620
3918,116, 5623
3921,120, 5627
3923,122, 5629
3925,124, 5631
3928,128, 5635
3929,129, 5636
3931,132, 5639
3933,134, 5641
3934,135, 5643
3935,136, 5645
3937,141, 5650
3943,151, 5660
3947,155, 5665
3949,157, 5668
3951,160, 5671
3952,162, 5673
3955,165, 5676
3956,166, 5677
3960,173, 5685
3962,177, 5689
3966,181, 5695
3968,186, 5700
3969,188, 5702
3971,190, 5704
3972,191, 5705
3974,0, 5708
3975,1, 5709
3976,2, 5710
3980,9, 5718
3982,12, 5721
3983,13, 5722
3985,15, 5724
3986,17, 5726
3988,19, 5728
3993,24, 5734
3994,25, 5735
3995,26, 5736
3996,27, 5737
3997,29, 5739
3998,30, 5740
3999,31, 5741
4002,35, 5745
4003,36, 5746
4004,37, 5748
4005,38, 5749
4006,40, 5751
4007,42, 5753
4008,43, 5754
4009,45, 5757
4012,50, 5762
4013,52, 5764
4014,53, 5765
4015,55, 5767
4016,56, 5768
4017,57, 5769
4018,58, 5770
4020,1, 5773
4021,2, 5774
4022,5, 5777
4023,6, 5778
4024,8, 5780
4027,12, 5784
4028,14, 5786
4030,18, 5790
4031,19, 5791
4033,22, 5794
4034,24, 5796
4035,27, 5799
4036,30, 5802
4037,31, 5803
4039,34, 5806
4040,35, 5807
4041,36, 5808
4042,38, 5810
4043,40, 5812
4045,43, 5815
4047,46, 5818
4048,47, 5819
4049,48, 5820
4050,49, 5821
4051,50, 5822
4052,52, 5824
4053,53, 5825
4054,54, 5826
4055,56, 5828
4056,57, 5829
4057,58, 5830
4058,59, 5831
4060,62, 5834
4061,65, 5837
4065,71, 5843
4067,74, 5846
4069,76, 5848
4073,81, 5853
4074,82, 5854
4075,83, 5855
4080,91, 5863
4081,93, 5865
4082,95, 5867
4084,99, 5871
4085,100, 5872
4086,101, 5873
4089,105, 5877
4090,106, 5878
4093,109, 5881
4098,116, 5888
4101,119, 5891
4102,120, 5892
4106,128, 5900
4107,129, 5901
4108,131, 5903
4114,143, 5915
4118,154, 5926
4119,76, 5318
4121,158, 5930
4122,160, 5932
4127,165, 5937
4134,177, 5952
4135,178, 5953
4136,180, 5955
4137,182, 5957
4138,183, 5958
4140,186, 5961
4142,188, 5964
4146,192, 5969
4147,193, 5970
4149,198, 5975
4150,199, 5976
4157,209, 5986
4158,210, 5987
4159,211, 5988
4162,219, 5996
4163,220, 5997
4165,0, 5999
4166,1, 6000
4180,16, 6015
4182,19, 6018
4183,21, 6020
4184,22, 6021
4185,1, 6022
4186,3, 6025
4191,8, 6030
4193,10, 6032
4194,11, 6033
4197,5, 6039
4198,6, 6040
4206,22, 6056
4207,23, 6057
4211,28, 6062
4214,32, 6066
4215,36, 6070
4217,38, 6072
4218,39, 6073
4219,41, 6075
4220,42, 6076
4221,0, 6077
4222,1, 6078
4223,2, 6079
4224,3, 6080
4225,4, 6081
4226,5, 6082
4227,7, 6084
4229,9, 6086
4230,10, 6087
4232,16, 6093
4233,17, 6094
4236,21, 6098
4241,28, 6105
4242,30, 6107
4243,31, 6108
4247,35, 6114
4248,37, 6116
4249,38, 6117
4252,45, 6124
4255,50, 6129
4256,51, 6130
4257,53, 6133
4258,55, 6135
4259,56, 6136
4260,59, 6139
4264,63, 6144
4266,65, 6146
4268,68, 6149
4269,70, 6151
4271,73, 6154
4275,78, 6160
4276,79, 6161
4278,83, 6165
4279,85, 6167
4280,86, 6168
4282,88, 6170
4283,90, 6172
4284,94, 6176
4285,95, 6177
4286,97, 6179
4287,98, 6180
4288,100, 6182
4291,105, 6187
4293,107, 6189
4294,108, 6190
4296,113, 6195
4297,115, 6197
4298,117, 6199
4299,118, 6200
4300,119, 6201
4301,120, 6202
4302,121, 6203
4304,123, 6205
4305,124, 6206
4306,125, 6207
4307,126, 6208
4308,128, 6210
4310,130, 6212
4311,131, 6213
4314,134, 6216
4316,136, 6218
4318,138, 6220
4320,140, 6222
4321,141, 6223
4322,143, 6225
4323,144, 6226
4326,148, 6230
4327,149, 6231
4328,151, 6233
4329,152, 6234
4330,153, 6235
4334,159, 6241
4338,163, 6245
4341,168, 6250
4342,169, 6251
4343,171, 6253
4344,172, 6254
4346,175, 6257
4347,176, 6258
4349,183, 6265
4351,186, 6268
4353,188, 6270
4354,190, 6272
4356,193, 6275
4357,194, 6276
4358,195, 6277
4359,196, 6278
4360,197, 6279
4362,199, 6281
4363,200, 6282
4365,203, 6285
4366,204, 6286
4367,205, 6287
4368,208, 6290
4369,209, 6291
4370,211, 6293
4371,212, 6294
4372,213, 6295
4373,214, 6296
4374,215, 6297
4375,216, 6298
4376,218, 6300
4377,220, 6302
4378,223, 6305
4379,224, 6306
4380,226, 6308
4382,228, 6310
4383,229, 6311
4384,230, 6312
4385,231, 6313
4386,233, 6315
4388,236, 6318
4389,0, 6319
4390,1, 6320
4395,8, 6327
4396,9, 6328
4397,10, 6329
4398,11, 6330
4399,12, 6332
4400,13, 6333
4401,14, 6334
4403,20, 6340
4405,22, 6343
4406,25, 6346
4407,26, 6347
4410,33, 6355
4411,35, 6357
4412,37, 6359
4413,38, 6360
4414,40, 6362
4415,41, 6363
4416,43, 6365
4417,45, 6367
4418,48, 6370
4420,51, 6373
4422,53, 6375
4423,54, 6376
4425,56, 6378
4426,60, 6382
4427,61, 6383
4428,62, 6384
4429,65, 6387
4431,68, 6390
4432,69, 6391
4435,73, 6395
4436,74, 6396
4437,76, 6398
4438,78, 6400
4442,83, 6405
4444,85, 6407
4445,87, 6409
4446,88, 6410
4448,6412, 6412
4449,91, 6413
4450,92, 6414
4451,93, 6415
4452,95, 6417
4454,97, 6419
4455,99, 6421
4458,102, 6424
4459,103, 6425
4460,104, 6426
4463,108, 6430
4464,109, 6431
4467,113, 6435
4468,114, 6436
4469,116, 6438
4470,118, 6440
4472,121, 6443
4473,123, 6445
4474,124, 6446
4475,126, 6448
4476,128, 6450
4477,129, 6451
4480,135, 6457
4481,136, 6458
4482,138, 6460
4484,140, 6462
4486,144, 6466
4487,145, 6467
4489,147, 6469
4490,148, 6470
4491,149, 6471
4492,150, 6472
4493,151, 6473
4494,152, 6474
4495,153, 6475
4496,154, 6476
4497,156, 6478
4498,157, 6479
4502,164, 6486
4504,166, 6488
4507,172, 6494
4510,175, 6497
4512,178, 6500
4515,183, 6505
4516,185, 6507
4517,186, 6508
4519,190, 6512
4520,191, 6513
4521,194, 6516
4522,196, 6518
4524,198, 6520
4525,199, 6521
4526,201, 6523
4527,202, 6524
4528,203, 6525
4531,209, 6531
4535,213, 6535
4536,214, 6536
4538,216, 6538
4539,217, 6539
4542,222, 6544
4543,224, 6546
4544,226, 6548
4545,228, 6550
4546,229, 6551
4547,230, 6552
4548,6554, 6554
4551,237, 6559
4552,238, 6560
4553,239, 6561
4554,240, 6562
4555,241, 6563
4556,242, 6564
4557,243, 6565
4558,6567, 6567
4559,246, 6568
4560,247, 6569
4563,250, 6573
4564,251, 6574
4565,253, 6576
4567,257, 6580
4568,258, 6581
4570,261, 6584
4571,262, 6585
4575,271, 6594
4577,275, 6598
4579,278, 6601
4582,282, 6605
4585,287, 6610
4588,292, 6615
4589,295, 6618
4590,298, 6621
4596,306, 6629
4597,307, 6630
4598,308, 6631
4599,309, 6632
4600,310, 6633
4601,312, 6635
4602,313, 6636
4604,318, 6641
4605,319, 6642
4606,321, 6644
4607,323, 6646
4610,328, 6651
4612,331, 6654
4613,333, 6656
4614,334, 6657
4615,335, 6658
4616,336, 6659
4617,337, 6660
4620,340, 6663
4621,0, 6664
4625,8, 6672
4626,9, 6673
4627,10, 6674
4629,13, 6677
4631,15, 6679
4632,16, 6680
4633,17, 6681
4634,18, 6682
4636,20, 6684
4639,24, 6688
4640,25, 6689
4642,31, 6695
4643,33, 6698
4646,36, 6701
4647,37, 6702
4650,41, 6706
4651,43, 6708
4653,45, 6711
4655,47, 6713
4656,48, 6714
4657,50, 6716
4660,53, 6719
4661,55, 6721
4662,57, 6723
4663,58, 6724
4664,60, 6726
4666,62, 6728
4670,67, 6733
4671,68, 6734
4672,69, 6735
4673,70, 6736
4674,71, 6737
4675,75, 6741
4676,76, 6742
4677,77, 6743
4678,78, 6744
4679,79, 6745
4680,80, 6746
4681,81, 6747
4682,82, 6748
4684,84, 6750
4685,85, 6751
4686,87, 6753
4688,90, 6756
4689,91, 6757
4690,92, 6758
4691,93, 6759
4693,95, 6761
4694,97, 6763
4697,100, 6766
4699,103, 6769
4700,105, 6771
4701,107, 6773
4702,109, 6775
4703,111, 6777
4705,113, 6779
4707,118, 6784
4708,121, 6787
4712,125, 6792
4713,126, 6793
4714,128, 6795
4717,132, 6799
4718,135, 6802
4719,136, 6803
4722,140, 6807
4725,145, 6812
4727,148, 6815
4728,150, 6817
4731,154, 6821
4732,155, 6822
4734,157, 6824
4736,160, 6827
4737,161, 6828
4740,164, 6831
4741,165, 6832
4742,167, 6834
4745,170, 6837
4747,172, 6839
4748,173, 6840
4751,178, 6845
4752,179, 6846
4759,189, 6856
4760,190, 6857
4761,191, 6858
4762,193, 6860
4763,195, 6862
4764,196, 6863
4765,197, 6864
4766,199, 6866
4767,200, 6867
4768,201, 6868
4769,203, 6870
4770,204, 6871
4773,209, 6876
4775,211, 6878
4776,212, 6879
4780,224, 6892
4781,0, 6893
4782,2, 6895
4783,3, 6896
4784,5, 6898
4785,7, 6900
4786,8, 6901
4788,12, 6905
4790,16, 6909
4793,19, 6912
4797,26, 6919
4798,28, 6921
4800,30, 6923
4801,31, 6924
4803,33, 6926
4807,39, 6932
4808,41, 6934
4811,44, 6937
4815,50, 6943
4816,51, 6945
4817,0, 6946
4818,1, 6947
4819,2, 6948
4821,5, 6951
4823,9, 6955
4824,10, 6956
4828,26, 6972
4829,28, 6974
4832,0, 6981
4833,2, 6983
4834,3, 6984
4836,5, 6986
4837,6, 6987
4839,8, 6989
4840,9, 6990
4841,11, 6992
4843,14, 6995
4844,15, 6996
4845,17, 6998
4847,21, 7002
4850,25, 7006
4852,28, 7009
4854,34, 7015
4857,37, 7018
4859,39, 7020
4862,42, 7023
4866,46, 7027
4867,47, 7028
4869,50, 7032
4870,51, 7033
4871,52, 7034
4872,54, 7036
4873,55, 7037
4875,61, 7043
4877,64, 7046
4881,71, 7053
4884,74, 7057
4885,76, 7059
4886,79, 7062
4887,80, 7063
4890,86, 7069
4891,87, 7070
4892,88, 7071
4895,92, 7075
4896,93, 7076
4898,96, 7079
4899,98, 7081
4900,99, 7082
4903,102, 7085
4904,103, 7086
4905,105, 7088
4908,111, 7096
4910,116, 7101
4911,117, 7102
4912,118, 7103
4913,119, 7104
4914,120, 7105
4915,122, 7108
4919,0, 7113
4922,7, 7120
4925,11, 7124
4926,12, 7125
4927,0, 7128
4929,3, 7131
4930,6, 7134
4931,7, 7135
4933,9, 7137
4937,13, 7142
4939,16, 7145
4942,19, 7148
4947,25, 7154
4949,27, 7156
4951,29, 7159
4953,32, 7162
4954,35, 7165
4964,49, 7180
4966,52, 7183
4967,53, 7184
4969,56, 7187
4970,57, 7188
4971,59, 7190
4972,60, 7191
4973,61, 7192
4974,64, 7196
4976,0, 7200
4977,1, 7201
4979,5, 7205
4980,8, 7208
4983,12, 7212
4985,14, 7214
4986,15, 7215
4987,17, 7217
4988,18, 7218
4989,19, 7219
4990,20, 7220
4991,0, 7222
4992,1, 7223
4993,3, 7225
4995,6, 7228
4996,7, 7229
4997,9, 7231
4998,11, 7233
5000,13, 7235
5001,14, 7236
5003,18, 7240
5005,21, 7243
5006,22, 7244
5007,23, 7245
5016,35, 7258
5018,37, 7261
5019,39, 7263
5021,42, 7266
5022,43, 7267
5024,46, 7270
5027,52, 7276
5029,56, 7280
5030,57, 7281
5031,59, 7283
5032,60, 7284
5034,62, 7286
5035,64, 7288
5044,77, 7302
5047,80, 7305
5049,0, 7308
5051,3, 7311
5054,6, 7314
5057,9, 7318
5059,12, 7322
5061,14, 7324
5062,15, 7325
5063,7328, 7328
5065,20, 7330
5066,21, 7331
5068,25, 7335
5071,28, 7338
5073,30, 7340
5074,31, 7341
5075,32, 7342
5076,33, 7343
5078,36, 7346
5079,38, 7348
5082,42, 7352
5083,44, 7354
5087,50, 7360
5090,54, 7364
5092,56, 7366
5093,58, 7368
5094,181, 6848
5095,60, 7370
5096,61, 7371
5098,190, 5704
5101,66, 7376
5102,67, 7377
5104,70, 7380
5105,71, 7381
5106,73, 7383
5109,76, 7386
5112,82, 7392
5115,85, 7395
5119,90, 7400
5120,92, 7402
5121,93, 7403
5122,96, 7406
5124,100, 7410
5128,0, 7416
5131,5, 7421
5132,7, 7423
5133,8, 7424
5134,9, 7426
5135,10, 7427
5136,12, 7429
5138,15, 7432
5139,17, 7434
5141,20, 7437
5142,21, 7438
5144,23, 7440
5145,25, 7442
5149,32, 7449
5150,33, 7450
5151,36, 7453
5152,37, 7454
5155,41, 7458
5156,42, 7459
5157,43, 7460
5158,44, 7461
5159,45, 7462
5160,46, 7463
5161,49, 7466
5162,50, 7467
5164,55, 7472
5165,56, 7474
5166,57, 7475
5167,58, 7476
5173,64, 7482
5174,65, 7483
5177,69, 7487
5179,71, 7489
5183,75, 7493
5184,76, 7494
5186,78, 7496
5187,79, 7497
5189,81, 7499
5190,83, 7501
5192,87, 7505
5195,91, 7509
5196,93, 7511
5199,99, 7517
5203,105, 7523
5205,108, 7526
5207,111, 7529
5208,112, 7530
5209,114, 7532
5210,115, 7533
5211,116, 7534
5213,118, 7536
5214,119, 7537
5215,120, 7538
5216,123, 7543
5217,124, 7544
5218,125, 7545
5221,129, 7550
5222,130, 7551
5223,7552, 7552
5228,136, 7559
5229,138, 7562
5230,140, 7564
5231,141, 7565
5233,144, 7568
5235,149, 7573
5236,153, 7577
5237,155, 7579
5239,158, 7582
5240,160, 7584
5241,161, 7585
5244,167, 7591
5248,173, 7598
5252,177, 7602
5253,178, 7603
5254,179, 7604
5256,0, 7606
5257,1, 7607
5259,5, 7611
5262,10, 7616
5264,13, 7619
5265,14, 7620
5266,15, 7621
5267,17, 7623
5268,19, 7625
5270,22, 7628
5271,23, 7629
5272,24, 7630
5280,33, 7639
5281,35, 7641
5282,36, 7642
5284,39, 7645
5288,44, 7650
5291,47, 7653
5292,48, 7655
5293,49, 7656
5294,50, 7657
5295,52, 7659
5296,53, 7660
5297,54, 7661
5299,57, 7664
5300,59, 7666
5301,60, 7667
5304,66, 7673
5305,67, 7674
5306,69, 7676
5308,72, 7679
5310,75, 7682
5314,79, 7687
5315,80, 7688
5317,82, 7690
5319,84, 7693
5320,85, 7694
5321,87, 7696
5322,88, 7697
5323,89, 7698
5325,92, 7701
5326,93, 7702
5327,94, 7703
5328,95, 7704
5329,96, 7706
5330,1, 7708
5332,3, 7710
5335,6, 7713
5337,9, 7716
5338,10, 7717
5339,11, 7718
5344,17, 7724
5345,19, 7726
5346,21, 7728
5347,22, 7729
5348,23, 7730
5349,24, 7731
5353,29, 7736
5354,30, 7737
5355,31, 7738
5358,34, 7742
5360,36, 7744
